target_id,bank,candidate_index,setting,failed,reason
8QEQ_R,J-controlled,0,Simple,False,
8QEQ_R,J-controlled,0,Geometry,False,
8QEQ_R,J-controlled,1,Simple,False,
8QEQ_R,J-controlled,1,Geometry,False,
8QEQ_R,J-controlled,2,Simple,False,
8QEQ_R,J-controlled,2,Geometry,False,
8QEQ_R,J-controlled,3,Simple,False,
8QEQ_R,J-controlled,3,Geometry,False,
8QEQ_R,J-controlled,4,Simple,False,
8QEQ_R,J-controlled,4,Geometry,False,
8QEQ_R,Thesis-3T+2D,0,Geometry,False,
8QEQ_R,Thesis-3T+2D,0,Geometry-fixed-strength,False,
8QEQ_R,Thesis-3T+2D,0,Geometry-global-prior,False,
8QEQ_R,Thesis-3T+2D,0,Geometry-no-Rg,False,
8QEQ_R,Thesis-3T+2D,0,Simple,False,
8QEQ_R,Thesis-3T+2D,1,Geometry,False,
8QEQ_R,Thesis-3T+2D,1,Geometry-fixed-strength,False,
8QEQ_R,Thesis-3T+2D,1,Geometry-global-prior,False,
8QEQ_R,Thesis-3T+2D,1,Geometry-no-Rg,False,
8QEQ_R,Thesis-3T+2D,1,Simple,False,
8QEQ_R,Thesis-3T+2D,2,Geometry,False,
8QEQ_R,Thesis-3T+2D,2,Geometry-fixed-strength,False,
8QEQ_R,Thesis-3T+2D,2,Geometry-global-prior,False,
8QEQ_R,Thesis-3T+2D,2,Geometry-no-Rg,False,
8QEQ_R,Thesis-3T+2D,2,Simple,False,
8QEQ_R,Thesis-3T+2D,3,Geometry,False,
8QEQ_R,Thesis-3T+2D,3,Geometry-fixed-strength,False,
8QEQ_R,Thesis-3T+2D,3,Geometry-global-prior,False,
8QEQ_R,Thesis-3T+2D,3,Geometry-no-Rg,False,
8QEQ_R,Thesis-3T+2D,3,Simple,False,
8QEQ_R,Thesis-3T+2D,4,Geometry,False,
8QEQ_R,Thesis-3T+2D,4,Geometry-fixed-strength,False,
8QEQ_R,Thesis-3T+2D,4,Geometry-global-prior,False,
8QEQ_R,Thesis-3T+2D,4,Geometry-no-Rg,False,
8QEQ_R,Thesis-3T+2D,4,Simple,False,
8T2Y_tA,J-controlled,0,Simple,False,
8T2Y_tA,J-controlled,0,Geometry,False,
8T2Y_tA,J-controlled,1,Simple,False,
8T2Y_tA,J-controlled,1,Geometry,False,
8T2Y_tA,J-controlled,2,Simple,False,
8T2Y_tA,J-controlled,2,Geometry,False,
8T2Y_tA,J-controlled,3,Simple,False,
8T2Y_tA,J-controlled,3,Geometry,False,
8T2Y_tA,J-controlled,4,Simple,False,
8T2Y_tA,J-controlled,4,Geometry,False,
8T2Y_tA,Thesis-3T+2D,0,Geometry,False,
8T2Y_tA,Thesis-3T+2D,0,Geometry-fixed-strength,False,
8T2Y_tA,Thesis-3T+2D,0,Geometry-global-prior,False,
8T2Y_tA,Thesis-3T+2D,0,Geometry-no-Rg,False,
8T2Y_tA,Thesis-3T+2D,0,Simple,False,
8T2Y_tA,Thesis-3T+2D,1,Geometry,False,
8T2Y_tA,Thesis-3T+2D,1,Geometry-fixed-strength,False,
8T2Y_tA,Thesis-3T+2D,1,Geometry-global-prior,False,
8T2Y_tA,Thesis-3T+2D,1,Geometry-no-Rg,False,
8T2Y_tA,Thesis-3T+2D,1,Simple,False,
8T2Y_tA,Thesis-3T+2D,2,Geometry,False,
8T2Y_tA,Thesis-3T+2D,2,Geometry-fixed-strength,False,
8T2Y_tA,Thesis-3T+2D,2,Geometry-global-prior,False,
8T2Y_tA,Thesis-3T+2D,2,Geometry-no-Rg,False,
8T2Y_tA,Thesis-3T+2D,2,Simple,False,
8T2Y_tA,Thesis-3T+2D,3,Geometry,False,
8T2Y_tA,Thesis-3T+2D,3,Geometry-fixed-strength,False,
8T2Y_tA,Thesis-3T+2D,3,Geometry-global-prior,False,
8T2Y_tA,Thesis-3T+2D,3,Geometry-no-Rg,False,
8T2Y_tA,Thesis-3T+2D,3,Simple,False,
8T2Y_tA,Thesis-3T+2D,4,Geometry,False,
8T2Y_tA,Thesis-3T+2D,4,Geometry-fixed-strength,False,
8T2Y_tA,Thesis-3T+2D,4,Geometry-global-prior,False,
8T2Y_tA,Thesis-3T+2D,4,Geometry-no-Rg,False,
8T2Y_tA,Thesis-3T+2D,4,Simple,False,
8VB6_F,J-controlled,0,Simple,False,
8VB6_F,J-controlled,0,Geometry,False,
8VB6_F,J-controlled,1,Simple,False,
8VB6_F,J-controlled,1,Geometry,False,
8VB6_F,J-controlled,2,Simple,False,
8VB6_F,J-controlled,2,Geometry,False,
8VB6_F,J-controlled,3,Simple,False,
8VB6_F,J-controlled,3,Geometry,False,
8VB6_F,J-controlled,4,Simple,False,
8VB6_F,J-controlled,4,Geometry,False,
8VB6_F,Thesis-3T+2D,0,Geometry,False,
8VB6_F,Thesis-3T+2D,0,Geometry-fixed-strength,False,
8VB6_F,Thesis-3T+2D,0,Geometry-global-prior,False,
8VB6_F,Thesis-3T+2D,0,Geometry-no-Rg,False,
8VB6_F,Thesis-3T+2D,0,Simple,False,
8VB6_F,Thesis-3T+2D,1,Geometry,False,
8VB6_F,Thesis-3T+2D,1,Geometry-fixed-strength,False,
8VB6_F,Thesis-3T+2D,1,Geometry-global-prior,False,
8VB6_F,Thesis-3T+2D,1,Geometry-no-Rg,False,
8VB6_F,Thesis-3T+2D,1,Simple,False,
8VB6_F,Thesis-3T+2D,2,Geometry,False,
8VB6_F,Thesis-3T+2D,2,Geometry-fixed-strength,False,
8VB6_F,Thesis-3T+2D,2,Geometry-global-prior,False,
8VB6_F,Thesis-3T+2D,2,Geometry-no-Rg,False,
8VB6_F,Thesis-3T+2D,2,Simple,False,
8VB6_F,Thesis-3T+2D,3,Geometry,False,
8VB6_F,Thesis-3T+2D,3,Geometry-fixed-strength,False,
8VB6_F,Thesis-3T+2D,3,Geometry-global-prior,False,
8VB6_F,Thesis-3T+2D,3,Geometry-no-Rg,False,
8VB6_F,Thesis-3T+2D,3,Simple,False,
8VB6_F,Thesis-3T+2D,4,Geometry,False,
8VB6_F,Thesis-3T+2D,4,Geometry-fixed-strength,False,
8VB6_F,Thesis-3T+2D,4,Geometry-global-prior,False,
8VB6_F,Thesis-3T+2D,4,Geometry-no-Rg,False,
8VB6_F,Thesis-3T+2D,4,Simple,False,
8VBH_F,J-controlled,0,Simple,False,
8VBH_F,J-controlled,0,Geometry,False,
8VBH_F,J-controlled,1,Simple,False,
8VBH_F,J-controlled,1,Geometry,False,
8VBH_F,J-controlled,2,Simple,False,
8VBH_F,J-controlled,2,Geometry,False,
8VBH_F,J-controlled,3,Simple,False,
8VBH_F,J-controlled,3,Geometry,False,
8VBH_F,J-controlled,4,Simple,False,
8VBH_F,J-controlled,4,Geometry,False,
8VBH_F,Thesis-3T+2D,0,Geometry,False,
8VBH_F,Thesis-3T+2D,0,Geometry-fixed-strength,False,
8VBH_F,Thesis-3T+2D,0,Geometry-global-prior,False,
8VBH_F,Thesis-3T+2D,0,Geometry-no-Rg,False,
8VBH_F,Thesis-3T+2D,0,Simple,False,
8VBH_F,Thesis-3T+2D,1,Geometry,False,
8VBH_F,Thesis-3T+2D,1,Geometry-fixed-strength,False,
8VBH_F,Thesis-3T+2D,1,Geometry-global-prior,False,
8VBH_F,Thesis-3T+2D,1,Geometry-no-Rg,False,
8VBH_F,Thesis-3T+2D,1,Simple,False,
8VBH_F,Thesis-3T+2D,2,Geometry,False,
8VBH_F,Thesis-3T+2D,2,Geometry-fixed-strength,False,
8VBH_F,Thesis-3T+2D,2,Geometry-global-prior,False,
8VBH_F,Thesis-3T+2D,2,Geometry-no-Rg,False,
8VBH_F,Thesis-3T+2D,2,Simple,False,
8VBH_F,Thesis-3T+2D,3,Geometry,False,
8VBH_F,Thesis-3T+2D,3,Geometry-fixed-strength,False,
8VBH_F,Thesis-3T+2D,3,Geometry-global-prior,False,
8VBH_F,Thesis-3T+2D,3,Geometry-no-Rg,False,
8VBH_F,Thesis-3T+2D,3,Simple,False,
8VBH_F,Thesis-3T+2D,4,Geometry,False,
8VBH_F,Thesis-3T+2D,4,Geometry-fixed-strength,False,
8VBH_F,Thesis-3T+2D,4,Geometry-global-prior,False,
8VBH_F,Thesis-3T+2D,4,Geometry-no-Rg,False,
8VBH_F,Thesis-3T+2D,4,Simple,False,
8ZOL_A,J-controlled,0,Simple,False,
8ZOL_A,J-controlled,0,Geometry,False,
8ZOL_A,J-controlled,1,Simple,False,
8ZOL_A,J-controlled,1,Geometry,False,
8ZOL_A,J-controlled,2,Simple,False,
8ZOL_A,J-controlled,2,Geometry,False,
8ZOL_A,J-controlled,3,Simple,False,
8ZOL_A,J-controlled,3,Geometry,False,
8ZOL_A,J-controlled,4,Simple,False,
8ZOL_A,J-controlled,4,Geometry,False,
8ZOL_A,Thesis-3T+2D,0,Geometry,False,
8ZOL_A,Thesis-3T+2D,0,Geometry-fixed-strength,False,
8ZOL_A,Thesis-3T+2D,0,Geometry-global-prior,False,
8ZOL_A,Thesis-3T+2D,0,Geometry-no-Rg,False,
8ZOL_A,Thesis-3T+2D,0,Simple,False,
8ZOL_A,Thesis-3T+2D,1,Geometry,False,
8ZOL_A,Thesis-3T+2D,1,Geometry-fixed-strength,False,
8ZOL_A,Thesis-3T+2D,1,Geometry-global-prior,False,
8ZOL_A,Thesis-3T+2D,1,Geometry-no-Rg,False,
8ZOL_A,Thesis-3T+2D,1,Simple,False,
8ZOL_A,Thesis-3T+2D,2,Geometry,False,
8ZOL_A,Thesis-3T+2D,2,Geometry-fixed-strength,False,
8ZOL_A,Thesis-3T+2D,2,Geometry-global-prior,False,
8ZOL_A,Thesis-3T+2D,2,Geometry-no-Rg,False,
8ZOL_A,Thesis-3T+2D,2,Simple,False,
8ZOL_A,Thesis-3T+2D,3,Geometry,False,
8ZOL_A,Thesis-3T+2D,3,Geometry-fixed-strength,False,
8ZOL_A,Thesis-3T+2D,3,Geometry-global-prior,False,
8ZOL_A,Thesis-3T+2D,3,Geometry-no-Rg,False,
8ZOL_A,Thesis-3T+2D,3,Simple,False,
8ZOL_A,Thesis-3T+2D,4,Geometry,False,
8ZOL_A,Thesis-3T+2D,4,Geometry-fixed-strength,False,
8ZOL_A,Thesis-3T+2D,4,Geometry-global-prior,False,
8ZOL_A,Thesis-3T+2D,4,Geometry-no-Rg,False,
8ZOL_A,Thesis-3T+2D,4,Simple,False,
9FI8_hB,J-controlled,0,Simple,False,
9FI8_hB,J-controlled,0,Geometry,False,
9FI8_hB,J-controlled,1,Simple,False,
9FI8_hB,J-controlled,1,Geometry,False,
9FI8_hB,J-controlled,2,Simple,False,
9FI8_hB,J-controlled,2,Geometry,False,
9FI8_hB,J-controlled,3,Simple,False,
9FI8_hB,J-controlled,3,Geometry,False,
9FI8_hB,J-controlled,4,Simple,False,
9FI8_hB,J-controlled,4,Geometry,False,
9FI8_hB,Thesis-3T+2D,0,Geometry,False,
9FI8_hB,Thesis-3T+2D,0,Geometry-fixed-strength,False,
9FI8_hB,Thesis-3T+2D,0,Geometry-global-prior,False,
9FI8_hB,Thesis-3T+2D,0,Geometry-no-Rg,False,
9FI8_hB,Thesis-3T+2D,0,Simple,False,
9FI8_hB,Thesis-3T+2D,1,Geometry,False,
9FI8_hB,Thesis-3T+2D,1,Geometry-fixed-strength,False,
9FI8_hB,Thesis-3T+2D,1,Geometry-global-prior,False,
9FI8_hB,Thesis-3T+2D,1,Geometry-no-Rg,False,
9FI8_hB,Thesis-3T+2D,1,Simple,False,
9FI8_hB,Thesis-3T+2D,2,Geometry,False,
9FI8_hB,Thesis-3T+2D,2,Geometry-fixed-strength,False,
9FI8_hB,Thesis-3T+2D,2,Geometry-global-prior,False,
9FI8_hB,Thesis-3T+2D,2,Geometry-no-Rg,False,
9FI8_hB,Thesis-3T+2D,2,Simple,False,
9FI8_hB,Thesis-3T+2D,3,Geometry,False,
9FI8_hB,Thesis-3T+2D,3,Geometry-fixed-strength,False,
9FI8_hB,Thesis-3T+2D,3,Geometry-global-prior,False,
9FI8_hB,Thesis-3T+2D,3,Geometry-no-Rg,False,
9FI8_hB,Thesis-3T+2D,3,Simple,False,
9FI8_hB,Thesis-3T+2D,4,Geometry,False,
9FI8_hB,Thesis-3T+2D,4,Geometry-fixed-strength,False,
9FI8_hB,Thesis-3T+2D,4,Geometry-global-prior,False,
9FI8_hB,Thesis-3T+2D,4,Geometry-no-Rg,False,
9FI8_hB,Thesis-3T+2D,4,Simple,False,
9FI8_hL,J-controlled,0,Simple,False,
9FI8_hL,J-controlled,0,Geometry,False,
9FI8_hL,J-controlled,1,Simple,False,
9FI8_hL,J-controlled,1,Geometry,False,
9FI8_hL,J-controlled,2,Simple,False,
9FI8_hL,J-controlled,2,Geometry,False,
9FI8_hL,J-controlled,3,Simple,False,
9FI8_hL,J-controlled,3,Geometry,False,
9FI8_hL,J-controlled,4,Simple,False,
9FI8_hL,J-controlled,4,Geometry,False,
9FI8_hL,Thesis-3T+2D,0,Geometry,False,
9FI8_hL,Thesis-3T+2D,0,Geometry-fixed-strength,False,
9FI8_hL,Thesis-3T+2D,0,Geometry-global-prior,False,
9FI8_hL,Thesis-3T+2D,0,Geometry-no-Rg,False,
9FI8_hL,Thesis-3T+2D,0,Simple,False,
9FI8_hL,Thesis-3T+2D,1,Geometry,False,
9FI8_hL,Thesis-3T+2D,1,Geometry-fixed-strength,False,
9FI8_hL,Thesis-3T+2D,1,Geometry-global-prior,False,
9FI8_hL,Thesis-3T+2D,1,Geometry-no-Rg,False,
9FI8_hL,Thesis-3T+2D,1,Simple,False,
9FI8_hL,Thesis-3T+2D,2,Geometry,False,
9FI8_hL,Thesis-3T+2D,2,Geometry-fixed-strength,False,
9FI8_hL,Thesis-3T+2D,2,Geometry-global-prior,False,
9FI8_hL,Thesis-3T+2D,2,Geometry-no-Rg,False,
9FI8_hL,Thesis-3T+2D,2,Simple,False,
9FI8_hL,Thesis-3T+2D,3,Geometry,False,
9FI8_hL,Thesis-3T+2D,3,Geometry-fixed-strength,False,
9FI8_hL,Thesis-3T+2D,3,Geometry-global-prior,False,
9FI8_hL,Thesis-3T+2D,3,Geometry-no-Rg,False,
9FI8_hL,Thesis-3T+2D,3,Simple,False,
9FI8_hL,Thesis-3T+2D,4,Geometry,False,
9FI8_hL,Thesis-3T+2D,4,Geometry-fixed-strength,False,
9FI8_hL,Thesis-3T+2D,4,Geometry-global-prior,False,
9FI8_hL,Thesis-3T+2D,4,Geometry-no-Rg,False,
9FI8_hL,Thesis-3T+2D,4,Simple,False,
9FIA_bJ,J-controlled,0,Simple,False,
9FIA_bJ,J-controlled,0,Geometry,False,
9FIA_bJ,J-controlled,1,Simple,False,
9FIA_bJ,J-controlled,1,Geometry,False,
9FIA_bJ,J-controlled,2,Simple,False,
9FIA_bJ,J-controlled,2,Geometry,False,
9FIA_bJ,J-controlled,3,Simple,False,
9FIA_bJ,J-controlled,3,Geometry,False,
9FIA_bJ,J-controlled,4,Simple,False,
9FIA_bJ,J-controlled,4,Geometry,False,
9FIA_bJ,Thesis-3T+2D,0,Geometry,False,
9FIA_bJ,Thesis-3T+2D,0,Geometry-fixed-strength,False,
9FIA_bJ,Thesis-3T+2D,0,Geometry-global-prior,False,
9FIA_bJ,Thesis-3T+2D,0,Geometry-no-Rg,False,
9FIA_bJ,Thesis-3T+2D,0,Simple,False,
9FIA_bJ,Thesis-3T+2D,1,Geometry,False,
9FIA_bJ,Thesis-3T+2D,1,Geometry-fixed-strength,False,
9FIA_bJ,Thesis-3T+2D,1,Geometry-global-prior,False,
9FIA_bJ,Thesis-3T+2D,1,Geometry-no-Rg,False,
9FIA_bJ,Thesis-3T+2D,1,Simple,False,
9FIA_bJ,Thesis-3T+2D,2,Geometry,False,
9FIA_bJ,Thesis-3T+2D,2,Geometry-fixed-strength,False,
9FIA_bJ,Thesis-3T+2D,2,Geometry-global-prior,False,
9FIA_bJ,Thesis-3T+2D,2,Geometry-no-Rg,False,
9FIA_bJ,Thesis-3T+2D,2,Simple,False,
9FIA_bJ,Thesis-3T+2D,3,Geometry,False,
9FIA_bJ,Thesis-3T+2D,3,Geometry-fixed-strength,False,
9FIA_bJ,Thesis-3T+2D,3,Geometry-global-prior,False,
9FIA_bJ,Thesis-3T+2D,3,Geometry-no-Rg,False,
9FIA_bJ,Thesis-3T+2D,3,Simple,False,
9FIA_bJ,Thesis-3T+2D,4,Geometry,False,
9FIA_bJ,Thesis-3T+2D,4,Geometry-fixed-strength,False,
9FIA_bJ,Thesis-3T+2D,4,Geometry-global-prior,False,
9FIA_bJ,Thesis-3T+2D,4,Geometry-no-Rg,False,
9FIA_bJ,Thesis-3T+2D,4,Simple,False,
9G6K_l1,J-controlled,0,Simple,False,
9G6K_l1,J-controlled,0,Geometry,False,
9G6K_l1,J-controlled,1,Simple,False,
9G6K_l1,J-controlled,1,Geometry,False,
9G6K_l1,J-controlled,2,Simple,False,
9G6K_l1,J-controlled,2,Geometry,False,
9G6K_l1,J-controlled,3,Simple,False,
9G6K_l1,J-controlled,3,Geometry,False,
9G6K_l1,J-controlled,4,Simple,False,
9G6K_l1,J-controlled,4,Geometry,False,
9G6K_l1,Thesis-3T+2D,0,Geometry,False,
9G6K_l1,Thesis-3T+2D,0,Geometry-fixed-strength,False,
9G6K_l1,Thesis-3T+2D,0,Geometry-global-prior,False,
9G6K_l1,Thesis-3T+2D,0,Geometry-no-Rg,False,
9G6K_l1,Thesis-3T+2D,0,Simple,False,
9G6K_l1,Thesis-3T+2D,1,Geometry,False,
9G6K_l1,Thesis-3T+2D,1,Geometry-fixed-strength,False,
9G6K_l1,Thesis-3T+2D,1,Geometry-global-prior,False,
9G6K_l1,Thesis-3T+2D,1,Geometry-no-Rg,False,
9G6K_l1,Thesis-3T+2D,1,Simple,False,
9G6K_l1,Thesis-3T+2D,2,Geometry,False,
9G6K_l1,Thesis-3T+2D,2,Geometry-fixed-strength,False,
9G6K_l1,Thesis-3T+2D,2,Geometry-global-prior,False,
9G6K_l1,Thesis-3T+2D,2,Geometry-no-Rg,False,
9G6K_l1,Thesis-3T+2D,2,Simple,False,
9G6K_l1,Thesis-3T+2D,3,Geometry,False,
9G6K_l1,Thesis-3T+2D,3,Geometry-fixed-strength,False,
9G6K_l1,Thesis-3T+2D,3,Geometry-global-prior,False,
9G6K_l1,Thesis-3T+2D,3,Geometry-no-Rg,False,
9G6K_l1,Thesis-3T+2D,3,Simple,False,
9G6K_l1,Thesis-3T+2D,4,Geometry,False,
9G6K_l1,Thesis-3T+2D,4,Geometry-fixed-strength,False,
9G6K_l1,Thesis-3T+2D,4,Geometry-global-prior,False,
9G6K_l1,Thesis-3T+2D,4,Geometry-no-Rg,False,
9G6K_l1,Thesis-3T+2D,4,Simple,False,
9G6K_l3,J-controlled,0,Simple,False,
9G6K_l3,J-controlled,0,Geometry,False,
9G6K_l3,J-controlled,1,Simple,False,
9G6K_l3,J-controlled,1,Geometry,False,
9G6K_l3,J-controlled,2,Simple,False,
9G6K_l3,J-controlled,2,Geometry,False,
9G6K_l3,J-controlled,3,Simple,False,
9G6K_l3,J-controlled,3,Geometry,False,
9G6K_l3,J-controlled,4,Simple,False,
9G6K_l3,J-controlled,4,Geometry,False,
9G6K_l3,Thesis-3T+2D,0,Geometry,False,
9G6K_l3,Thesis-3T+2D,0,Geometry-fixed-strength,False,
9G6K_l3,Thesis-3T+2D,0,Geometry-global-prior,False,
9G6K_l3,Thesis-3T+2D,0,Geometry-no-Rg,False,
9G6K_l3,Thesis-3T+2D,0,Simple,False,
9G6K_l3,Thesis-3T+2D,1,Geometry,False,
9G6K_l3,Thesis-3T+2D,1,Geometry-fixed-strength,False,
9G6K_l3,Thesis-3T+2D,1,Geometry-global-prior,False,
9G6K_l3,Thesis-3T+2D,1,Geometry-no-Rg,False,
9G6K_l3,Thesis-3T+2D,1,Simple,False,
9G6K_l3,Thesis-3T+2D,2,Geometry,False,
9G6K_l3,Thesis-3T+2D,2,Geometry-fixed-strength,False,
9G6K_l3,Thesis-3T+2D,2,Geometry-global-prior,False,
9G6K_l3,Thesis-3T+2D,2,Geometry-no-Rg,False,
9G6K_l3,Thesis-3T+2D,2,Simple,False,
9G6K_l3,Thesis-3T+2D,3,Geometry,False,
9G6K_l3,Thesis-3T+2D,3,Geometry-fixed-strength,False,
9G6K_l3,Thesis-3T+2D,3,Geometry-global-prior,False,
9G6K_l3,Thesis-3T+2D,3,Geometry-no-Rg,False,
9G6K_l3,Thesis-3T+2D,3,Simple,False,
9G6K_l3,Thesis-3T+2D,4,Geometry,False,
9G6K_l3,Thesis-3T+2D,4,Geometry-fixed-strength,False,
9G6K_l3,Thesis-3T+2D,4,Geometry-global-prior,False,
9G6K_l3,Thesis-3T+2D,4,Geometry-no-Rg,False,
9G6K_l3,Thesis-3T+2D,4,Simple,False,
9G6K_l9,J-controlled,0,Simple,False,
9G6K_l9,J-controlled,0,Geometry,False,
9G6K_l9,J-controlled,1,Simple,False,
9G6K_l9,J-controlled,1,Geometry,False,
9G6K_l9,J-controlled,2,Simple,False,
9G6K_l9,J-controlled,2,Geometry,False,
9G6K_l9,J-controlled,3,Simple,False,
9G6K_l9,J-controlled,3,Geometry,False,
9G6K_l9,J-controlled,4,Simple,False,
9G6K_l9,J-controlled,4,Geometry,False,
9G6K_l9,Thesis-3T+2D,0,Geometry,False,
9G6K_l9,Thesis-3T+2D,0,Geometry-fixed-strength,False,
9G6K_l9,Thesis-3T+2D,0,Geometry-global-prior,False,
9G6K_l9,Thesis-3T+2D,0,Geometry-no-Rg,False,
9G6K_l9,Thesis-3T+2D,0,Simple,False,
9G6K_l9,Thesis-3T+2D,1,Geometry,False,
9G6K_l9,Thesis-3T+2D,1,Geometry-fixed-strength,False,
9G6K_l9,Thesis-3T+2D,1,Geometry-global-prior,False,
9G6K_l9,Thesis-3T+2D,1,Geometry-no-Rg,False,
9G6K_l9,Thesis-3T+2D,1,Simple,False,
9G6K_l9,Thesis-3T+2D,2,Geometry,False,
9G6K_l9,Thesis-3T+2D,2,Geometry-fixed-strength,False,
9G6K_l9,Thesis-3T+2D,2,Geometry-global-prior,False,
9G6K_l9,Thesis-3T+2D,2,Geometry-no-Rg,False,
9G6K_l9,Thesis-3T+2D,2,Simple,False,
9G6K_l9,Thesis-3T+2D,3,Geometry,False,
9G6K_l9,Thesis-3T+2D,3,Geometry-fixed-strength,False,
9G6K_l9,Thesis-3T+2D,3,Geometry-global-prior,False,
9G6K_l9,Thesis-3T+2D,3,Geometry-no-Rg,False,
9G6K_l9,Thesis-3T+2D,3,Simple,False,
9G6K_l9,Thesis-3T+2D,4,Geometry,False,
9G6K_l9,Thesis-3T+2D,4,Geometry-fixed-strength,False,
9G6K_l9,Thesis-3T+2D,4,Geometry-global-prior,False,
9G6K_l9,Thesis-3T+2D,4,Geometry-no-Rg,False,
9G6K_l9,Thesis-3T+2D,4,Simple,False,
9G6K_lA,J-controlled,0,Simple,False,
9G6K_lA,J-controlled,0,Geometry,False,
9G6K_lA,J-controlled,1,Simple,False,
9G6K_lA,J-controlled,1,Geometry,False,
9G6K_lA,J-controlled,2,Simple,False,
9G6K_lA,J-controlled,2,Geometry,False,
9G6K_lA,J-controlled,3,Simple,False,
9G6K_lA,J-controlled,3,Geometry,False,
9G6K_lA,J-controlled,4,Simple,False,
9G6K_lA,J-controlled,4,Geometry,False,
9G6K_lA,Thesis-3T+2D,0,Geometry,False,
9G6K_lA,Thesis-3T+2D,0,Geometry-fixed-strength,False,
9G6K_lA,Thesis-3T+2D,0,Geometry-global-prior,False,
9G6K_lA,Thesis-3T+2D,0,Geometry-no-Rg,False,
9G6K_lA,Thesis-3T+2D,0,Simple,False,
9G6K_lA,Thesis-3T+2D,1,Geometry,False,
9G6K_lA,Thesis-3T+2D,1,Geometry-fixed-strength,False,
9G6K_lA,Thesis-3T+2D,1,Geometry-global-prior,False,
9G6K_lA,Thesis-3T+2D,1,Geometry-no-Rg,False,
9G6K_lA,Thesis-3T+2D,1,Simple,False,
9G6K_lA,Thesis-3T+2D,2,Geometry,False,
9G6K_lA,Thesis-3T+2D,2,Geometry-fixed-strength,False,
9G6K_lA,Thesis-3T+2D,2,Geometry-global-prior,False,
9G6K_lA,Thesis-3T+2D,2,Geometry-no-Rg,False,
9G6K_lA,Thesis-3T+2D,2,Simple,False,
9G6K_lA,Thesis-3T+2D,3,Geometry,False,
9G6K_lA,Thesis-3T+2D,3,Geometry-fixed-strength,False,
9G6K_lA,Thesis-3T+2D,3,Geometry-global-prior,False,
9G6K_lA,Thesis-3T+2D,3,Geometry-no-Rg,False,
9G6K_lA,Thesis-3T+2D,3,Simple,False,
9G6K_lA,Thesis-3T+2D,4,Geometry,False,
9G6K_lA,Thesis-3T+2D,4,Geometry-fixed-strength,False,
9G6K_lA,Thesis-3T+2D,4,Geometry-global-prior,False,
9G6K_lA,Thesis-3T+2D,4,Geometry-no-Rg,False,
9G6K_lA,Thesis-3T+2D,4,Simple,False,
9G6K_lB,J-controlled,0,Simple,False,
9G6K_lB,J-controlled,0,Geometry,False,
9G6K_lB,J-controlled,1,Simple,False,
9G6K_lB,J-controlled,1,Geometry,False,
9G6K_lB,J-controlled,2,Simple,False,
9G6K_lB,J-controlled,2,Geometry,False,
9G6K_lB,J-controlled,3,Simple,False,
9G6K_lB,J-controlled,3,Geometry,False,
9G6K_lB,J-controlled,4,Simple,False,
9G6K_lB,J-controlled,4,Geometry,False,
9G6K_lB,Thesis-3T+2D,0,Geometry,False,
9G6K_lB,Thesis-3T+2D,0,Geometry-fixed-strength,False,
9G6K_lB,Thesis-3T+2D,0,Geometry-global-prior,False,
9G6K_lB,Thesis-3T+2D,0,Geometry-no-Rg,False,
9G6K_lB,Thesis-3T+2D,0,Simple,False,
9G6K_lB,Thesis-3T+2D,1,Geometry,False,
9G6K_lB,Thesis-3T+2D,1,Geometry-fixed-strength,False,
9G6K_lB,Thesis-3T+2D,1,Geometry-global-prior,False,
9G6K_lB,Thesis-3T+2D,1,Geometry-no-Rg,False,
9G6K_lB,Thesis-3T+2D,1,Simple,False,
9G6K_lB,Thesis-3T+2D,2,Geometry,False,
9G6K_lB,Thesis-3T+2D,2,Geometry-fixed-strength,False,
9G6K_lB,Thesis-3T+2D,2,Geometry-global-prior,False,
9G6K_lB,Thesis-3T+2D,2,Geometry-no-Rg,False,
9G6K_lB,Thesis-3T+2D,2,Simple,False,
9G6K_lB,Thesis-3T+2D,3,Geometry,False,
9G6K_lB,Thesis-3T+2D,3,Geometry-fixed-strength,False,
9G6K_lB,Thesis-3T+2D,3,Geometry-global-prior,False,
9G6K_lB,Thesis-3T+2D,3,Geometry-no-Rg,False,
9G6K_lB,Thesis-3T+2D,3,Simple,False,
9G6K_lB,Thesis-3T+2D,4,Geometry,False,
9G6K_lB,Thesis-3T+2D,4,Geometry-fixed-strength,False,
9G6K_lB,Thesis-3T+2D,4,Geometry-global-prior,False,
9G6K_lB,Thesis-3T+2D,4,Geometry-no-Rg,False,
9G6K_lB,Thesis-3T+2D,4,Simple,False,
9G6K_lK,J-controlled,0,Simple,False,
9G6K_lK,J-controlled,0,Geometry,False,
9G6K_lK,J-controlled,1,Simple,False,
9G6K_lK,J-controlled,1,Geometry,False,
9G6K_lK,J-controlled,2,Simple,False,
9G6K_lK,J-controlled,2,Geometry,False,
9G6K_lK,J-controlled,3,Simple,False,
9G6K_lK,J-controlled,3,Geometry,False,
9G6K_lK,J-controlled,4,Simple,False,
9G6K_lK,J-controlled,4,Geometry,False,
9G6K_lK,Thesis-3T+2D,0,Geometry,False,
9G6K_lK,Thesis-3T+2D,0,Geometry-fixed-strength,False,
9G6K_lK,Thesis-3T+2D,0,Geometry-global-prior,False,
9G6K_lK,Thesis-3T+2D,0,Geometry-no-Rg,False,
9G6K_lK,Thesis-3T+2D,0,Simple,False,
9G6K_lK,Thesis-3T+2D,1,Geometry,False,
9G6K_lK,Thesis-3T+2D,1,Geometry-fixed-strength,False,
9G6K_lK,Thesis-3T+2D,1,Geometry-global-prior,False,
9G6K_lK,Thesis-3T+2D,1,Geometry-no-Rg,False,
9G6K_lK,Thesis-3T+2D,1,Simple,False,
9G6K_lK,Thesis-3T+2D,2,Geometry,False,
9G6K_lK,Thesis-3T+2D,2,Geometry-fixed-strength,False,
9G6K_lK,Thesis-3T+2D,2,Geometry-global-prior,False,
9G6K_lK,Thesis-3T+2D,2,Geometry-no-Rg,False,
9G6K_lK,Thesis-3T+2D,2,Simple,False,
9G6K_lK,Thesis-3T+2D,3,Geometry,False,
9G6K_lK,Thesis-3T+2D,3,Geometry-fixed-strength,False,
9G6K_lK,Thesis-3T+2D,3,Geometry-global-prior,False,
9G6K_lK,Thesis-3T+2D,3,Geometry-no-Rg,False,
9G6K_lK,Thesis-3T+2D,3,Simple,False,
9G6K_lK,Thesis-3T+2D,4,Geometry,False,
9G6K_lK,Thesis-3T+2D,4,Geometry-fixed-strength,False,
9G6K_lK,Thesis-3T+2D,4,Geometry-global-prior,False,
9G6K_lK,Thesis-3T+2D,4,Geometry-no-Rg,False,
9G6K_lK,Thesis-3T+2D,4,Simple,False,
8UP5_T,J-controlled,0,Simple,False,
8UP5_T,J-controlled,0,Geometry,False,
8UP5_T,J-controlled,1,Simple,False,
8UP5_T,J-controlled,1,Geometry,False,
8UP5_T,J-controlled,2,Simple,False,
8UP5_T,J-controlled,2,Geometry,False,
8UP5_T,J-controlled,3,Simple,False,
8UP5_T,J-controlled,3,Geometry,False,
8UP5_T,J-controlled,4,Simple,False,
8UP5_T,J-controlled,4,Geometry,False,
8UP5_T,Thesis-3T+2D,0,Geometry,False,
8UP5_T,Thesis-3T+2D,0,Geometry-fixed-strength,False,
8UP5_T,Thesis-3T+2D,0,Geometry-global-prior,False,
8UP5_T,Thesis-3T+2D,0,Geometry-no-Rg,False,
8UP5_T,Thesis-3T+2D,0,Simple,False,
8UP5_T,Thesis-3T+2D,1,Geometry,False,
8UP5_T,Thesis-3T+2D,1,Geometry-fixed-strength,False,
8UP5_T,Thesis-3T+2D,1,Geometry-global-prior,False,
8UP5_T,Thesis-3T+2D,1,Geometry-no-Rg,False,
8UP5_T,Thesis-3T+2D,1,Simple,False,
8UP5_T,Thesis-3T+2D,2,Geometry,False,
8UP5_T,Thesis-3T+2D,2,Geometry-fixed-strength,False,
8UP5_T,Thesis-3T+2D,2,Geometry-global-prior,False,
8UP5_T,Thesis-3T+2D,2,Geometry-no-Rg,False,
8UP5_T,Thesis-3T+2D,2,Simple,False,
8UP5_T,Thesis-3T+2D,3,Geometry,False,
8UP5_T,Thesis-3T+2D,3,Geometry-fixed-strength,False,
8UP5_T,Thesis-3T+2D,3,Geometry-global-prior,False,
8UP5_T,Thesis-3T+2D,3,Geometry-no-Rg,False,
8UP5_T,Thesis-3T+2D,3,Simple,False,
8UP5_T,Thesis-3T+2D,4,Geometry,False,
8UP5_T,Thesis-3T+2D,4,Geometry-fixed-strength,False,
8UP5_T,Thesis-3T+2D,4,Geometry-global-prior,False,
8UP5_T,Thesis-3T+2D,4,Geometry-no-Rg,False,
8UP5_T,Thesis-3T+2D,4,Simple,False,
9D85_T,J-controlled,0,Simple,False,
9D85_T,J-controlled,0,Geometry,False,
9D85_T,J-controlled,1,Simple,False,
9D85_T,J-controlled,1,Geometry,False,
9D85_T,J-controlled,2,Simple,False,
9D85_T,J-controlled,2,Geometry,False,
9D85_T,J-controlled,3,Simple,False,
9D85_T,J-controlled,3,Geometry,False,
9D85_T,J-controlled,4,Simple,False,
9D85_T,J-controlled,4,Geometry,False,
9D85_T,Thesis-3T+2D,0,Geometry,False,
9D85_T,Thesis-3T+2D,0,Geometry-fixed-strength,False,
9D85_T,Thesis-3T+2D,0,Geometry-global-prior,False,
9D85_T,Thesis-3T+2D,0,Geometry-no-Rg,False,
9D85_T,Thesis-3T+2D,0,Simple,False,
9D85_T,Thesis-3T+2D,1,Geometry,False,
9D85_T,Thesis-3T+2D,1,Geometry-fixed-strength,False,
9D85_T,Thesis-3T+2D,1,Geometry-global-prior,False,
9D85_T,Thesis-3T+2D,1,Geometry-no-Rg,False,
9D85_T,Thesis-3T+2D,1,Simple,False,
9D85_T,Thesis-3T+2D,2,Geometry,False,
9D85_T,Thesis-3T+2D,2,Geometry-fixed-strength,False,
9D85_T,Thesis-3T+2D,2,Geometry-global-prior,False,
9D85_T,Thesis-3T+2D,2,Geometry-no-Rg,False,
9D85_T,Thesis-3T+2D,2,Simple,False,
9D85_T,Thesis-3T+2D,3,Geometry,False,
9D85_T,Thesis-3T+2D,3,Geometry-fixed-strength,False,
9D85_T,Thesis-3T+2D,3,Geometry-global-prior,False,
9D85_T,Thesis-3T+2D,3,Geometry-no-Rg,False,
9D85_T,Thesis-3T+2D,3,Simple,False,
9D85_T,Thesis-3T+2D,4,Geometry,False,
9D85_T,Thesis-3T+2D,4,Geometry-fixed-strength,False,
9D85_T,Thesis-3T+2D,4,Geometry-global-prior,False,
9D85_T,Thesis-3T+2D,4,Geometry-no-Rg,False,
9D85_T,Thesis-3T+2D,4,Simple,False,
8Y03_G,J-controlled,0,Simple,False,
8Y03_G,J-controlled,0,Geometry,False,
8Y03_G,J-controlled,1,Simple,False,
8Y03_G,J-controlled,1,Geometry,False,
8Y03_G,J-controlled,2,Simple,False,
8Y03_G,J-controlled,2,Geometry,False,
8Y03_G,J-controlled,3,Simple,False,
8Y03_G,J-controlled,3,Geometry,False,
8Y03_G,J-controlled,4,Simple,False,
8Y03_G,J-controlled,4,Geometry,False,
8Y03_G,Thesis-3T+2D,0,Geometry,False,
8Y03_G,Thesis-3T+2D,0,Geometry-fixed-strength,False,
8Y03_G,Thesis-3T+2D,0,Geometry-global-prior,False,
8Y03_G,Thesis-3T+2D,0,Geometry-no-Rg,False,
8Y03_G,Thesis-3T+2D,0,Simple,False,
8Y03_G,Thesis-3T+2D,1,Geometry,False,
8Y03_G,Thesis-3T+2D,1,Geometry-fixed-strength,False,
8Y03_G,Thesis-3T+2D,1,Geometry-global-prior,False,
8Y03_G,Thesis-3T+2D,1,Geometry-no-Rg,False,
8Y03_G,Thesis-3T+2D,1,Simple,False,
8Y03_G,Thesis-3T+2D,2,Geometry,False,
8Y03_G,Thesis-3T+2D,2,Geometry-fixed-strength,False,
8Y03_G,Thesis-3T+2D,2,Geometry-global-prior,False,
8Y03_G,Thesis-3T+2D,2,Geometry-no-Rg,False,
8Y03_G,Thesis-3T+2D,2,Simple,False,
8Y03_G,Thesis-3T+2D,3,Geometry,False,
8Y03_G,Thesis-3T+2D,3,Geometry-fixed-strength,False,
8Y03_G,Thesis-3T+2D,3,Geometry-global-prior,False,
8Y03_G,Thesis-3T+2D,3,Geometry-no-Rg,False,
8Y03_G,Thesis-3T+2D,3,Simple,False,
8Y03_G,Thesis-3T+2D,4,Geometry,False,
8Y03_G,Thesis-3T+2D,4,Geometry-fixed-strength,False,
8Y03_G,Thesis-3T+2D,4,Geometry-global-prior,False,
8Y03_G,Thesis-3T+2D,4,Geometry-no-Rg,False,
8Y03_G,Thesis-3T+2D,4,Simple,False,
8Y08_B,J-controlled,0,Simple,False,
8Y08_B,J-controlled,0,Geometry,False,
8Y08_B,J-controlled,1,Simple,False,
8Y08_B,J-controlled,1,Geometry,False,
8Y08_B,J-controlled,2,Simple,False,
8Y08_B,J-controlled,2,Geometry,False,
8Y08_B,J-controlled,3,Simple,False,
8Y08_B,J-controlled,3,Geometry,False,
8Y08_B,J-controlled,4,Simple,False,
8Y08_B,J-controlled,4,Geometry,False,
8Y08_B,Thesis-3T+2D,0,Geometry,False,
8Y08_B,Thesis-3T+2D,0,Geometry-fixed-strength,False,
8Y08_B,Thesis-3T+2D,0,Geometry-global-prior,False,
8Y08_B,Thesis-3T+2D,0,Geometry-no-Rg,False,
8Y08_B,Thesis-3T+2D,0,Simple,False,
8Y08_B,Thesis-3T+2D,1,Geometry,False,
8Y08_B,Thesis-3T+2D,1,Geometry-fixed-strength,False,
8Y08_B,Thesis-3T+2D,1,Geometry-global-prior,False,
8Y08_B,Thesis-3T+2D,1,Geometry-no-Rg,False,
8Y08_B,Thesis-3T+2D,1,Simple,False,
8Y08_B,Thesis-3T+2D,2,Geometry,False,
8Y08_B,Thesis-3T+2D,2,Geometry-fixed-strength,False,
8Y08_B,Thesis-3T+2D,2,Geometry-global-prior,False,
8Y08_B,Thesis-3T+2D,2,Geometry-no-Rg,False,
8Y08_B,Thesis-3T+2D,2,Simple,False,
8Y08_B,Thesis-3T+2D,3,Geometry,False,
8Y08_B,Thesis-3T+2D,3,Geometry-fixed-strength,False,
8Y08_B,Thesis-3T+2D,3,Geometry-global-prior,False,
8Y08_B,Thesis-3T+2D,3,Geometry-no-Rg,False,
8Y08_B,Thesis-3T+2D,3,Simple,False,
8Y08_B,Thesis-3T+2D,4,Geometry,False,
8Y08_B,Thesis-3T+2D,4,Geometry-fixed-strength,False,
8Y08_B,Thesis-3T+2D,4,Geometry-global-prior,False,
8Y08_B,Thesis-3T+2D,4,Geometry-no-Rg,False,
8Y08_B,Thesis-3T+2D,4,Simple,False,
8Y0B_B,J-controlled,0,Simple,False,
8Y0B_B,J-controlled,0,Geometry,False,
8Y0B_B,J-controlled,1,Simple,False,
8Y0B_B,J-controlled,1,Geometry,False,
8Y0B_B,J-controlled,2,Simple,False,
8Y0B_B,J-controlled,2,Geometry,False,
8Y0B_B,J-controlled,3,Simple,False,
8Y0B_B,J-controlled,3,Geometry,False,
8Y0B_B,J-controlled,4,Simple,False,
8Y0B_B,J-controlled,4,Geometry,False,
8Y0B_B,Thesis-3T+2D,0,Geometry,False,
8Y0B_B,Thesis-3T+2D,0,Geometry-fixed-strength,False,
8Y0B_B,Thesis-3T+2D,0,Geometry-global-prior,False,
8Y0B_B,Thesis-3T+2D,0,Geometry-no-Rg,False,
8Y0B_B,Thesis-3T+2D,0,Simple,False,
8Y0B_B,Thesis-3T+2D,1,Geometry,False,
8Y0B_B,Thesis-3T+2D,1,Geometry-fixed-strength,False,
8Y0B_B,Thesis-3T+2D,1,Geometry-global-prior,False,
8Y0B_B,Thesis-3T+2D,1,Geometry-no-Rg,False,
8Y0B_B,Thesis-3T+2D,1,Simple,False,
8Y0B_B,Thesis-3T+2D,2,Geometry,False,
8Y0B_B,Thesis-3T+2D,2,Geometry-fixed-strength,False,
8Y0B_B,Thesis-3T+2D,2,Geometry-global-prior,False,
8Y0B_B,Thesis-3T+2D,2,Geometry-no-Rg,False,
8Y0B_B,Thesis-3T+2D,2,Simple,False,
8Y0B_B,Thesis-3T+2D,3,Geometry,False,
8Y0B_B,Thesis-3T+2D,3,Geometry-fixed-strength,False,
8Y0B_B,Thesis-3T+2D,3,Geometry-global-prior,False,
8Y0B_B,Thesis-3T+2D,3,Geometry-no-Rg,False,
8Y0B_B,Thesis-3T+2D,3,Simple,False,
8Y0B_B,Thesis-3T+2D,4,Geometry,False,
8Y0B_B,Thesis-3T+2D,4,Geometry-fixed-strength,False,
8Y0B_B,Thesis-3T+2D,4,Geometry-global-prior,False,
8Y0B_B,Thesis-3T+2D,4,Geometry-no-Rg,False,
8Y0B_B,Thesis-3T+2D,4,Simple,False,
8RR3_T,J-controlled,0,Simple,False,
8RR3_T,J-controlled,0,Geometry,False,
8RR3_T,J-controlled,1,Simple,False,
8RR3_T,J-controlled,1,Geometry,False,
8RR3_T,J-controlled,2,Simple,False,
8RR3_T,J-controlled,2,Geometry,False,
8RR3_T,J-controlled,3,Simple,False,
8RR3_T,J-controlled,3,Geometry,False,
8RR3_T,J-controlled,4,Simple,False,
8RR3_T,J-controlled,4,Geometry,False,
8RR3_T,Thesis-3T+2D,0,Geometry,False,
8RR3_T,Thesis-3T+2D,0,Geometry-fixed-strength,False,
8RR3_T,Thesis-3T+2D,0,Geometry-global-prior,False,
8RR3_T,Thesis-3T+2D,0,Geometry-no-Rg,False,
8RR3_T,Thesis-3T+2D,0,Simple,False,
8RR3_T,Thesis-3T+2D,1,Geometry,False,
8RR3_T,Thesis-3T+2D,1,Geometry-fixed-strength,False,
8RR3_T,Thesis-3T+2D,1,Geometry-global-prior,False,
8RR3_T,Thesis-3T+2D,1,Geometry-no-Rg,False,
8RR3_T,Thesis-3T+2D,1,Simple,False,
8RR3_T,Thesis-3T+2D,2,Geometry,False,
8RR3_T,Thesis-3T+2D,2,Geometry-fixed-strength,False,
8RR3_T,Thesis-3T+2D,2,Geometry-global-prior,False,
8RR3_T,Thesis-3T+2D,2,Geometry-no-Rg,False,
8RR3_T,Thesis-3T+2D,2,Simple,False,
8RR3_T,Thesis-3T+2D,3,Geometry,False,
8RR3_T,Thesis-3T+2D,3,Geometry-fixed-strength,False,
8RR3_T,Thesis-3T+2D,3,Geometry-global-prior,False,
8RR3_T,Thesis-3T+2D,3,Geometry-no-Rg,False,
8RR3_T,Thesis-3T+2D,3,Simple,False,
8RR3_T,Thesis-3T+2D,4,Geometry,False,
8RR3_T,Thesis-3T+2D,4,Geometry-fixed-strength,False,
8RR3_T,Thesis-3T+2D,4,Geometry-global-prior,False,
8RR3_T,Thesis-3T+2D,4,Geometry-no-Rg,False,
8RR3_T,Thesis-3T+2D,4,Simple,False,
