target_id,cluster_id,sw_rmsd_9_simple,sw_rmsd_9_selected,h3_delta
8QEQ_R,8QEQ_R,6.742281647692565,6.638008734947069,0.104272912745496
8RR3_T,8RR3_T,4.812797047794065,4.7556771629736145,0.05711988482045083
8T2Y_tA,8XU8_s,0.9994502254461375,0.9810768262786975,0.018373399167439963
8UP5_T,8UP5_T,1.8014199989066249,1.7731549349106708,0.028265063995954076
8VB6_F,8VBF_F,3.9963472785473755,3.9084354975510025,0.08791178099637298
8VBH_F,8VBF_F,4.298606327377855,4.233850035279289,0.06475629209856582
8Y03_G,8Y03_G,3.220120594386168,3.2064648624166323,0.013655731969535623
8Y08_B,8Y03_G,0.8204828586956691,0.7999482059943126,0.02053465270135646
8Y0B_B,8Y0B_B,3.411839127184046,3.387875788511605,0.023963338672440937
8ZOL_A,8ZOL_A,2.1850791135392003,2.1397507256072514,0.04532838793194882
9D85_T,8UP5_T,2.357759739473574,2.3516854107819114,0.006074328691662689
9FI8_hB,9FI8_hB,5.461542919764691,5.4802647493276515,-0.018721829562960757
9FI8_hL,9FI8_hL,5.121527631429774,5.125776281497793,-0.004248650068019444
9FIA_bJ,9FIA_bJ,6.0264814926959875,5.9833256518448055,0.04315584085118207
9G6K_l1,9G6K_l1,6.64583275950844,6.672974245446552,-0.027141485938112275
9G6K_l3,9G6K_l3,5.9583332953783925,5.969857548120997,-0.011524252742604268
9G6K_l9,9G6K_l9,5.9583466704738175,5.957837952703649,0.0005087177701685874
9G6K_lA,9G6K_lA,7.649918229287907,7.625937762275302,0.023980467012605367
9G6K_lB,9G6K_lB,6.943928487134786,6.9696660709517575,-0.02573758381697111
9G6K_lK,9G6K_lK,6.6978648817753665,6.679433777349447,0.01843110442591911
