phase,scope,status,native_performance_opened,evidence
preregistration,"protocol and 5,135-row master ledger",FROZEN,False,"commit 7739ff6; tag v4-preregistration-2026-08-20"
phase1_p0,"reproduce P0-production",PASS,False,reports/thesis_v4/phase1_p0/p0_reproduction_audit.json
phase1_john,"public TBM plus hybrid control-flow audit",COMPLETE_WITH_PARTIAL_DATA_AND_MODEL_REPRODUCTION,False,reports/thesis_v4/phase1_completion/phase1_completion_audit.json
phase1_jcontrolled,"shared DB-controlled John baseline",DB_FROZEN_NATIVE_BLIND_SMOKE_PASS,False,reports/thesis_v4/phase1_controlled_db/db_controlled_freeze.json
phase1_pretrained_provenance,"DRfold2 and Boltz provenance/overlap audit",COMPLETE_RCLM_UNAVAILABLE_BOLTZ_EXCLUDED,False,reports/thesis_v4/phase1_completion/phase1_completion_audit.json
phase1_statistics,"cluster-aware inference implementation",IMPLEMENTED_AND_SYNTHETIC_TESTED,False,reports/thesis_v4/phase1_statistics/inference_config.json
development,"RQ1 and RQ2 complete; full Geometry passed its initial gate; combined refiner configuration frozen before scoring",RQ1_RQ2_COMPLETE_RQ3_SELECTED_CONFIG_FROZEN,True,reports/thesis_v4/development/selected_refiner_freeze.json
confirmatory,"native-blind generation then single label opening",LOCKED,False,UNKNOWN
kaggle_external,"complete frozen system only",LOCKED,False,UNKNOWN
