target_id,sequence_cluster,length,pipeline,best5_tm
R1107,seq_2a56598e5142d87d,69,J_same_sandbox_complete,0.37092
R1107,seq_2a56598e5142d87d,69,V3_TBM_raw,0.38208
R1107,seq_2a56598e5142d87d,69,V3_TBM_deployed_gradient,0.38047
R1107,seq_2a56598e5142d87d,69,V3_hybrid_raw,0.56557
R1107,seq_2a56598e5142d87d,69,V3_hybrid_historical_geometry,0.56591
R1107,seq_2a56598e5142d87d,69,V5_V3bank_hybrid_simple,0.56534
R1107,seq_2a56598e5142d87d,69,V5_V3bank_hybrid_geometry,0.56591
R1107,seq_2a56598e5142d87d,69,V5_Johnbank_hybrid_simple,0.56534
R1107,seq_2a56598e5142d87d,69,V5_Johnbank_hybrid_geometry,0.56591
R1108,seq_0f7467835a4eb605,69,J_same_sandbox_complete,0.47098
R1108,seq_0f7467835a4eb605,69,V3_TBM_raw,0.49384
R1108,seq_0f7467835a4eb605,69,V3_TBM_deployed_gradient,0.48893
R1108,seq_0f7467835a4eb605,69,V3_hybrid_raw,0.60192
R1108,seq_0f7467835a4eb605,69,V3_hybrid_historical_geometry,0.60227
R1108,seq_0f7467835a4eb605,69,V5_V3bank_hybrid_simple,0.60028
R1108,seq_0f7467835a4eb605,69,V5_V3bank_hybrid_geometry,0.60227
R1108,seq_0f7467835a4eb605,69,V5_Johnbank_hybrid_simple,0.60028
R1108,seq_0f7467835a4eb605,69,V5_Johnbank_hybrid_geometry,0.60227
R1116,seq_ab902745838f97e5,157,J_same_sandbox_complete,0.45743
R1116,seq_ab902745838f97e5,157,V3_TBM_raw,0.45342
R1116,seq_ab902745838f97e5,157,V3_TBM_deployed_gradient,0.46053
R1116,seq_ab902745838f97e5,157,V3_hybrid_raw,0.51489
R1116,seq_ab902745838f97e5,157,V3_hybrid_historical_geometry,0.53052
R1116,seq_ab902745838f97e5,157,V5_V3bank_hybrid_simple,0.51495
R1116,seq_ab902745838f97e5,157,V5_V3bank_hybrid_geometry,0.53052
R1116,seq_ab902745838f97e5,157,V5_Johnbank_hybrid_simple,0.51495
R1116,seq_ab902745838f97e5,157,V5_Johnbank_hybrid_geometry,0.53052
R1117v2,seq_d00cb7b2e16a5704,30,J_same_sandbox_complete,0.38175
R1117v2,seq_d00cb7b2e16a5704,30,V3_TBM_raw,0.46162
R1117v2,seq_d00cb7b2e16a5704,30,V3_TBM_deployed_gradient,0.41993
R1117v2,seq_d00cb7b2e16a5704,30,V3_hybrid_raw,0.46162
R1117v2,seq_d00cb7b2e16a5704,30,V3_hybrid_historical_geometry,0.4468
R1117v2,seq_d00cb7b2e16a5704,30,V5_V3bank_hybrid_simple,0.4527
R1117v2,seq_d00cb7b2e16a5704,30,V5_V3bank_hybrid_geometry,0.4468
R1117v2,seq_d00cb7b2e16a5704,30,V5_Johnbank_hybrid_simple,0.43982
R1117v2,seq_d00cb7b2e16a5704,30,V5_Johnbank_hybrid_geometry,0.43456
R1126,seq_c8464c14b2e8bee2,363,J_same_sandbox_complete,0.20398
R1126,seq_c8464c14b2e8bee2,363,V3_TBM_raw,0.20438
R1126,seq_c8464c14b2e8bee2,363,V3_TBM_deployed_gradient,0.20621
R1126,seq_c8464c14b2e8bee2,363,V3_hybrid_raw,0.34052
R1126,seq_c8464c14b2e8bee2,363,V3_hybrid_historical_geometry,0.34191
R1126,seq_c8464c14b2e8bee2,363,V5_V3bank_hybrid_simple,0.34087
R1126,seq_c8464c14b2e8bee2,363,V5_V3bank_hybrid_geometry,0.34191
R1126,seq_c8464c14b2e8bee2,363,V5_Johnbank_hybrid_simple,0.34087
R1126,seq_c8464c14b2e8bee2,363,V5_Johnbank_hybrid_geometry,0.34191
R1128,seq_f3159d2df289b012,238,J_same_sandbox_complete,0.21845
R1128,seq_f3159d2df289b012,238,V3_TBM_raw,0.20781
R1128,seq_f3159d2df289b012,238,V3_TBM_deployed_gradient,0.22509
R1128,seq_f3159d2df289b012,238,V3_hybrid_raw,0.98566
R1128,seq_f3159d2df289b012,238,V3_hybrid_historical_geometry,0.98585
R1128,seq_f3159d2df289b012,238,V5_V3bank_hybrid_simple,0.98584
R1128,seq_f3159d2df289b012,238,V5_V3bank_hybrid_geometry,0.98585
R1128,seq_f3159d2df289b012,238,V5_Johnbank_hybrid_simple,0.98584
R1128,seq_f3159d2df289b012,238,V5_Johnbank_hybrid_geometry,0.98585
R1136,seq_e113e5b915f73e77,374,J_same_sandbox_complete,0.18638
R1136,seq_e113e5b915f73e77,374,V3_TBM_raw,0.23157
R1136,seq_e113e5b915f73e77,374,V3_TBM_deployed_gradient,0.23211
R1136,seq_e113e5b915f73e77,374,V3_hybrid_raw,0.24445
R1136,seq_e113e5b915f73e77,374,V3_hybrid_historical_geometry,0.2358
R1136,seq_e113e5b915f73e77,374,V5_V3bank_hybrid_simple,0.23694
R1136,seq_e113e5b915f73e77,374,V5_V3bank_hybrid_geometry,0.2358
R1136,seq_e113e5b915f73e77,374,V5_Johnbank_hybrid_simple,0.23694
R1136,seq_e113e5b915f73e77,374,V5_Johnbank_hybrid_geometry,0.2358
R1138,seq_10df3cf7b8552761,720,J_same_sandbox_complete,0.21833
R1138,seq_10df3cf7b8552761,720,V3_TBM_raw,0.22428
R1138,seq_10df3cf7b8552761,720,V3_TBM_deployed_gradient,0.22566
R1138,seq_10df3cf7b8552761,720,V3_hybrid_raw,0.22428
R1138,seq_10df3cf7b8552761,720,V3_hybrid_historical_geometry,0.22472
R1138,seq_10df3cf7b8552761,720,V5_V3bank_hybrid_simple,0.22397
R1138,seq_10df3cf7b8552761,720,V5_V3bank_hybrid_geometry,0.22472
R1138,seq_10df3cf7b8552761,720,V5_Johnbank_hybrid_simple,0.21798
R1138,seq_10df3cf7b8552761,720,V5_Johnbank_hybrid_geometry,0.22034
R1149,seq_6157861c4fd04fcf,124,J_same_sandbox_complete,0.29782
R1149,seq_6157861c4fd04fcf,124,V3_TBM_raw,0.31673
R1149,seq_6157861c4fd04fcf,124,V3_TBM_deployed_gradient,0.32426
R1149,seq_6157861c4fd04fcf,124,V3_hybrid_raw,0.66446
R1149,seq_6157861c4fd04fcf,124,V3_hybrid_historical_geometry,0.66736
R1149,seq_6157861c4fd04fcf,124,V5_V3bank_hybrid_simple,0.66639
R1149,seq_6157861c4fd04fcf,124,V5_V3bank_hybrid_geometry,0.66736
R1149,seq_6157861c4fd04fcf,124,V5_Johnbank_hybrid_simple,0.66639
R1149,seq_6157861c4fd04fcf,124,V5_Johnbank_hybrid_geometry,0.66736
R1156,seq_43da3c4c1f178763,135,J_same_sandbox_complete,0.25669
R1156,seq_43da3c4c1f178763,135,V3_TBM_raw,0.27631
R1156,seq_43da3c4c1f178763,135,V3_TBM_deployed_gradient,0.27949
R1156,seq_43da3c4c1f178763,135,V3_hybrid_raw,0.46997
R1156,seq_43da3c4c1f178763,135,V3_hybrid_historical_geometry,0.4708
R1156,seq_43da3c4c1f178763,135,V5_V3bank_hybrid_simple,0.47079
R1156,seq_43da3c4c1f178763,135,V5_V3bank_hybrid_geometry,0.4708
R1156,seq_43da3c4c1f178763,135,V5_Johnbank_hybrid_simple,0.47079
R1156,seq_43da3c4c1f178763,135,V5_Johnbank_hybrid_geometry,0.4708
R1189,seq_1eedfbc5839f67d6,118,J_same_sandbox_complete,0.21625
R1189,seq_1eedfbc5839f67d6,118,V3_TBM_raw,0.2198
R1189,seq_1eedfbc5839f67d6,118,V3_TBM_deployed_gradient,0.22188
R1189,seq_1eedfbc5839f67d6,118,V3_hybrid_raw,0.22893
R1189,seq_1eedfbc5839f67d6,118,V3_hybrid_historical_geometry,0.22856
R1189,seq_1eedfbc5839f67d6,118,V5_V3bank_hybrid_simple,0.23268
R1189,seq_1eedfbc5839f67d6,118,V5_V3bank_hybrid_geometry,0.22856
R1189,seq_1eedfbc5839f67d6,118,V5_Johnbank_hybrid_simple,0.23268
R1189,seq_1eedfbc5839f67d6,118,V5_Johnbank_hybrid_geometry,0.22856
R1190,seq_1eedfbc5839f67d6,118,J_same_sandbox_complete,0.21399
R1190,seq_1eedfbc5839f67d6,118,V3_TBM_raw,0.23813
R1190,seq_1eedfbc5839f67d6,118,V3_TBM_deployed_gradient,0.22208
R1190,seq_1eedfbc5839f67d6,118,V3_hybrid_raw,0.27034
R1190,seq_1eedfbc5839f67d6,118,V3_hybrid_historical_geometry,0.2707
R1190,seq_1eedfbc5839f67d6,118,V5_V3bank_hybrid_simple,0.26823
R1190,seq_1eedfbc5839f67d6,118,V5_V3bank_hybrid_geometry,0.2707
R1190,seq_1eedfbc5839f67d6,118,V5_Johnbank_hybrid_simple,0.26823
R1190,seq_1eedfbc5839f67d6,118,V5_Johnbank_hybrid_geometry,0.2707
