target_id,sequence_cluster,length,bank,setting,candidate_index,raw_reference_index,raw_candidate_tm,candidate_tm_same_reference,c1_rmsd,c1_lddt,c1_lddt_pair,c1_lddt_pairs,sw_rmsd_9,sw_rmsd_15,clash_per_res,bb_dev,rg_err,sharp_kinks,angle_nll,torsion_nll,pair_like_fraction
R1107,seq_2a56598e5142d87d,69,J_3T2D,Geometry_historical,2.0,0.0,0.340194,0.3403,25.73773375531646,0.5420792156006351,0.5154696132596686,362.0,6.774475064214462,11.415563063092522,0.034782608695652174,1.6804881406215753,12.723008078778188,0.06268656716417911,0.8582758297651626,0.7698745092521356,0.5333333333333333
R1107,seq_2a56598e5142d87d,69,J_3T2D,John_adaptive,2.0,0.0,0.340194,0.325534,25.544649694505168,0.5159324542796411,0.4915745856353591,362.0,6.449101293178019,11.062105698626155,0.05507246376811594,1.4142769426364472,12.653974723972619,0.05373134328358209,1.1319674777809445,0.8036196492330088,0.5565217391304348
R1107,seq_2a56598e5142d87d,69,J_3T2D,John_fixed,2.0,0.0,0.340194,0.323838,25.499331336068433,0.5175772016181224,0.4941988950276244,362.0,6.35041836270981,10.953903351269016,0.04927536231884058,1.4187781313783512,12.687447624742003,0.05373134328358209,1.1152117654347022,0.7957912793316787,0.5507246376811594
R1107,seq_2a56598e5142d87d,69,J_3T2D,Raw,2.0,0.0,0.340194,0.340194,25.757436850270345,0.5380266009565882,0.5107734806629833,362.0,6.813383632767504,11.449719699985685,0.034782608695652174,1.8391184867961023,12.74790765175113,0.06268656716417911,1.147043484758449,0.7350566604574397,0.5217391304347826
R1107,seq_2a56598e5142d87d,69,J_3T2D,Simple,2.0,0.0,0.340194,0.340854,25.742249300944515,0.5450168841057588,0.5178176795580111,362.0,6.78090452860083,11.421324397070043,0.03768115942028986,1.6832211499572352,12.738566379522709,0.06268656716417911,1.1521908892246553,0.7459833655916833,0.5391304347826087
R1107,seq_2a56598e5142d87d,69,J_5T,Geometry_historical,2.0,0.0,0.28949199999999997,0.287908,29.859854902929793,0.43578949722012383,0.4009668508287293,362.0,7.981349085562468,13.360564649755128,0.05507246376811594,1.9256876908368912,12.155435561388988,0.08059701492537313,1.0420813580826247,0.7313845474749839,0.463768115942029
R1107,seq_2a56598e5142d87d,69,J_5T,John_adaptive,2.0,0.0,0.28949199999999997,0.276704,29.650433448185044,0.41940854098302943,0.3871546961325967,362.0,7.506490987926007,12.894098719074966,0.06956521739130435,1.6241597233789231,12.147803821184546,0.06268656716417911,1.3383044449974784,0.7669574852911814,0.4811594202898551
R1107,seq_2a56598e5142d87d,69,J_5T,John_fixed,2.0,0.0,0.28949199999999997,0.271598,29.613607132729385,0.4145974942458318,0.3835635359116022,362.0,7.412146327136216,12.79668451159418,0.06956521739130435,1.563571089876622,12.17093757121404,0.06268656716417911,1.330883014702437,0.7590798695552514,0.4811594202898551
R1107,seq_2a56598e5142d87d,69,J_5T,Raw,2.0,0.0,0.28949199999999997,0.28949199999999997,29.884025642706387,0.4338166087015193,0.399585635359116,362.0,8.029753875982731,13.402981106038547,0.05217391304347826,2.0583377183777527,12.168658983710529,0.08358208955223881,1.3803568475172916,0.6706956476768038,0.4579710144927536
R1107,seq_2a56598e5142d87d,69,J_5T,Simple,2.0,0.0,0.28949199999999997,0.28838400000000003,29.866493044837974,0.4365576363818051,0.4016574585635359,362.0,7.9891158480044,13.367245268339593,0.05217391304347826,1.9306716992048418,12.16532409512063,0.08059701492537313,1.3817145716309072,0.6733656763934482,0.463768115942029
R1107,seq_2a56598e5142d87d,69,V3_3T2D,Geometry_historical,2.0,0.0,0.36066000000000004,0.3618,17.294042645989386,0.5846329838817051,0.5548342541436464,362.0,2.8337935813896378,4.9587857687415795,0.008695652173913044,0.7699108790472811,6.67924667421209,0.035820895522388055,0.47387574424861023,0.7097634537698524,0.5565217391304348
R1107,seq_2a56598e5142d87d,69,V3_3T2D,John_adaptive,2.0,0.0,0.36066000000000004,0.354214,17.295607085358544,0.5671841276205087,0.5375690607734807,362.0,2.8623814582460803,4.988532118975543,0.014492753623188406,0.6590793305934033,6.640530121414639,0.035820895522388055,0.5449006989768345,0.7965358649315304,0.5565217391304348
R1107,seq_2a56598e5142d87d,69,V3_3T2D,John_fixed,2.0,0.0,0.36066000000000004,0.356588,17.290965586010888,0.5717269360363989,0.5419889502762432,362.0,2.8537619248341914,4.976544142810779,0.014492753623188406,0.6807777517257686,6.647874570701264,0.035820895522388055,0.5291265888160754,0.7991855157259414,0.5507246376811594
R1107,seq_2a56598e5142d87d,69,V3_3T2D,Raw,2.0,0.0,0.36066000000000004,0.36066000000000004,17.30738961769256,0.5807384151086197,0.549171270718232,362.0,2.864762412898144,4.9823448331573985,0.008695652173913044,0.9557037024303175,6.702046752324047,0.035820895522388055,0.5538808008709222,0.7830211177995535,0.5391304347826087
R1107,seq_2a56598e5142d87d,69,V3_3T2D,Simple,2.0,0.0,0.36066000000000004,0.361888,17.299491005798465,0.5868577156716543,0.555939226519337,362.0,2.8384727888053654,4.9623440932636935,0.011594202898550725,0.7668504142273903,6.695152203385708,0.035820895522388055,0.5489560703381835,0.7905620514210826,0.5565217391304348
R1107,seq_2a56598e5142d87d,69,V3_5T,Geometry_historical,2.0,0.0,0.33224200000000004,0.33346,24.421781043960554,0.5100031531649178,0.4686464088397789,362.0,3.1012252958408624,5.927382213208573,0.002898550724637681,0.7760753197842756,10.929260783696623,0.023880597014925373,0.44834055516039467,0.6369346506893879,0.41739130434782606
R1107,seq_2a56598e5142d87d,69,V3_5T,John_adaptive,2.0,0.0,0.33224200000000004,0.329382,24.396767167863555,0.5042554196182714,0.46367403314917127,362.0,3.110325756630215,5.92569342853909,0.002898550724637681,0.7184578712837434,10.889011846220829,0.026865671641791045,0.5101403101973319,0.7261922154245691,0.4057971014492754
R1107,seq_2a56598e5142d87d,69,V3_5T,John_fixed,2.0,0.0,0.33224200000000004,0.327384,24.391967001219673,0.5018798523513996,0.46174033149171273,362.0,3.117848612922691,5.929463600544795,0.002898550724637681,0.6724111891540613,10.87608121321857,0.026865671641791045,0.5029334864630015,0.7340813802053687,0.4057971014492754
R1107,seq_2a56598e5142d87d,69,V3_5T,Raw,2.0,0.0,0.33224200000000004,0.33224200000000004,24.437536164723706,0.5083000482041402,0.4656077348066298,362.0,3.1202334655609345,5.94210627152094,0.002898550724637681,0.9345688339835828,10.943094978518513,0.029850746268656712,0.5382898920759966,0.7147667616672199,0.4
R1107,seq_2a56598e5142d87d,69,V3_5T,Simple,2.0,0.0,0.33224200000000004,0.332362,24.433838845629474,0.5085778363319923,0.4667127071823204,362.0,3.106319778490364,5.931713898509225,0.002898550724637681,0.7733052041974698,10.943611129728705,0.026865671641791045,0.5217356126397963,0.7307612310504208,0.41159420289855075
R1108,seq_0f7467835a4eb605,69,J_3T2D,Geometry_historical,2.0,0.4,0.421736,0.42207799999999995,23.01089105735793,0.6001112097179031,0.5858826572083056,349.4,6.449067089582047,10.708208813945049,0.028985507246376812,1.6530005670277887,11.85247574719042,0.05671641791044776,0.7790502782071081,0.6963220734714067,0.5159420289855072
R1108,seq_0f7467835a4eb605,69,J_3T2D,John_adaptive,2.0,0.4,0.421736,0.41178600000000004,22.793175826695098,0.5709345588092727,0.5572629046692448,349.4,6.091258605542203,10.299525329615097,0.04057971014492754,1.4109897405483185,11.774199744422862,0.05074626865671641,1.0495994315009927,0.7372183388218643,0.5507246376811594
R1108,seq_0f7467835a4eb605,69,J_3T2D,John_fixed,2.0,0.4,0.421736,0.411308,22.75029582425116,0.5738056068433643,0.5615593980147294,349.4,6.004451407386996,10.210172742543277,0.03768115942028986,1.3932468527633373,11.802449401850177,0.04776119402985074,1.0434333047385957,0.7280670780440015,0.5565217391304348
R1108,seq_0f7467835a4eb605,69,J_3T2D,Raw,2.0,0.4,0.421736,0.421736,23.04011557708194,0.5955930894789591,0.5806120019376504,349.4,6.48917542759971,10.749794158468756,0.028985507246376812,1.7983044815892306,11.870742522164871,0.05671641791044776,1.0756267979834553,0.652586270165592,0.5333333333333333
R1108,seq_0f7467835a4eb605,69,J_3T2D,Simple,2.0,0.4,0.421736,0.42164599999999997,23.019209058755234,0.5982187603798016,0.584309137335074,349.4,6.458752362339924,10.716763802555416,0.028985507246376812,1.6537924911637472,11.862312887379085,0.05671641791044776,1.0748209324740983,0.6718666476668214,0.5333333333333333
R1108,seq_0f7467835a4eb605,69,J_5T,Geometry_historical,2.0,0.6,0.298432,0.299416,41.98569937542856,0.42740988998712115,0.4048502836687275,348.6,8.32867629351253,14.703835413871934,0.04347826086956522,1.754021179648951,22.50283884885958,0.07462686567164178,1.073588597126998,0.7014490148019589,0.42898550724637674
R1108,seq_0f7467835a4eb605,69,J_5T,John_adaptive,2.0,0.6,0.298432,0.292352,41.79685568081752,0.4179116754717441,0.3966045961723195,348.6,7.877124258681801,14.229147263094925,0.05507246376811594,1.4801248805136111,22.439508558943533,0.06567164179104476,1.453639419447406,0.7715031966347226,0.4405797101449275
R1108,seq_0f7467835a4eb605,69,J_5T,John_fixed,2.0,0.6,0.298432,0.289342,41.7561045562821,0.41266023243855054,0.39245547919899504,348.6,7.790406670923922,14.135827293429495,0.05507246376811594,1.429342815618352,22.456009573141362,0.0626865671641791,1.455704402657261,0.7783054794673384,0.4521739130434783
R1108,seq_0f7467835a4eb605,69,J_5T,Raw,2.0,0.6,0.298432,0.298432,42.00955958751043,0.4254971588924678,0.4024204208642249,348.6,8.373510316997926,14.743592884712246,0.04347826086956522,1.8685667286378895,22.52254197108806,0.07462686567164178,1.5226377827725748,0.681167552030102,0.42898550724637674
R1108,seq_0f7467835a4eb605,69,J_5T,Simple,2.0,0.6,0.298432,0.29722400000000004,41.99464457214575,0.4266398069787658,0.404282125175497,348.6,8.340130831504027,14.71256896004731,0.04347826086956522,1.7599893041569132,22.514070362268836,0.07462686567164178,1.514888476964046,0.684145107010029,0.43478260869565216
R1108,seq_0f7467835a4eb605,69,V3_3T2D,Geometry_historical,2.0,0.4,0.44562,0.446468,14.287044733685661,0.6437062040637557,0.6264616534068984,349.4,2.588291191246193,4.382463591302603,0.002898550724637681,0.7494456597890834,5.824004957625602,0.03283582089552239,0.40260377161220023,0.6267290878538916,0.5217391304347826
R1108,seq_0f7467835a4eb605,69,V3_3T2D,John_adaptive,2.0,0.4,0.44562,0.437318,14.283550529842724,0.6232824424071564,0.6045091422613036,349.4,2.597374028400674,4.37547888951377,0.002898550724637681,0.6628467100226775,5.776382160999792,0.035820895522388055,0.4858905407048887,0.7263765630667208,0.5507246376811594
R1108,seq_0f7467835a4eb605,69,V3_3T2D,John_fixed,2.0,0.4,0.44562,0.43884799999999996,14.285245250302873,0.6280112536205212,0.6096422736192189,349.4,2.5944692166881667,4.3758848756639095,0.002898550724637681,0.6540760717045006,5.778589998285613,0.03283582089552239,0.4734961242301515,0.7249340294482957,0.5391304347826087
R1108,seq_0f7467835a4eb605,69,V3_3T2D,Raw,2.0,0.4,0.44562,0.44562,14.31029469642059,0.6382430341397732,0.6203395814346824,349.4,2.6234321014105273,4.415880176385496,0.002898550724637681,0.9257063561316592,5.8386769402645164,0.03283582089552239,0.48506530697167866,0.6836787151874157,0.5333333333333333
R1108,seq_0f7467835a4eb605,69,V3_3T2D,Simple,2.0,0.4,0.44562,0.44475600000000004,14.296343907917286,0.641580592155535,0.6240317906023958,349.4,2.5964892267126474,4.388363540090969,0.002898550724637681,0.7444369120280268,5.834104671275192,0.03283582089552239,0.4886880777272841,0.709967360584136,0.5391304347826087
R1108,seq_0f7467835a4eb605,69,V3_5T,Geometry_historical,2.0,0.4,0.34388,0.345578,24.166969283850435,0.5365064208399449,0.5032221647495423,349.4,3.249560432533658,6.170061993701138,0.002898550724637681,0.7642103349024033,10.938468720250942,0.023880597014925373,0.4251921761827708,0.6175631856361864,0.41159420289855075
R1108,seq_0f7467835a4eb605,69,V3_5T,John_adaptive,2.0,0.4,0.34388,0.34047,24.13994121594194,0.5327243142589253,0.4987421693473567,349.4,3.2508975252954455,6.153707932432065,0.002898550724637681,0.7094034277151946,10.899557168193672,0.026865671641791045,0.502330647617366,0.7168187819118697,0.4115942028985507
R1108,seq_0f7467835a4eb605,69,V3_5T,John_fixed,2.0,0.4,0.34388,0.33848599999999995,24.137153353639167,0.5262873491878068,0.49256098261861947,349.4,3.2526026072665175,6.151859838539801,0.002898550724637681,0.6577923824401318,10.885105314569035,0.026865671641791045,0.49617409540680296,0.7272326254364628,0.41159420289855075
R1108,seq_0f7467835a4eb605,69,V3_5T,Raw,2.0,0.4,0.34388,0.34388,24.181654046450877,0.5307598122701098,0.4977942806473066,349.4,3.2761619112096243,6.191033459992012,0.002898550724637681,0.9197367168827594,10.951842821752452,0.029850746268656712,0.5191973802197246,0.6928033336390973,0.4057971014492754
R1108,seq_0f7467835a4eb605,69,V3_5T,Simple,2.0,0.4,0.34388,0.342838,24.178855540476217,0.532967951829508,0.4992105716889578,349.4,3.2571834738698917,6.174645358400989,0.002898550724637681,0.761176076655706,10.952868175950465,0.026865671641791045,0.5092472405520125,0.7170234776564092,0.41739130434782606
R1116,seq_ab902745838f97e5,157,J_3T2D,Geometry_historical,2.0,0.0,0.39355799999999996,0.397732,27.38910194045035,0.5098223889725072,0.4959044368600683,879.0,3.9548333661326547,6.659217660838932,0.024203821656050957,1.2425389487359126,12.05057267168671,0.049032258064516124,0.619966447090463,0.6466299819301823,0.5885350318471337
R1116,seq_ab902745838f97e5,157,J_3T2D,John_adaptive,2.0,0.0,0.39355799999999996,0.39227,27.300662353916472,0.47963809572585203,0.4661547212741752,879.0,3.8130471697219877,6.497779861143989,0.030573248407643312,1.0515554707900518,11.973449968765085,0.04387096774193548,0.7575876402840039,0.7451106437233671,0.6114649681528663
R1116,seq_ab902745838f97e5,157,J_3T2D,John_fixed,2.0,0.0,0.39355799999999996,0.391528,27.255209866693725,0.49408446608286827,0.479806598407281,879.0,3.7419016946083614,6.419218104522325,0.02929936305732484,1.0471427692237452,11.982481243658311,0.04387096774193548,0.7378458993990542,0.7376927392703128,0.6140127388535032
R1116,seq_ab902745838f97e5,157,J_3T2D,Raw,2.0,0.0,0.39355799999999996,0.39355799999999996,27.391438048222376,0.505970410613807,0.49300341296928324,879.0,3.981985961029131,6.677511850636771,0.025477707006369428,1.3773902092695187,12.06828519162845,0.050322580645161284,0.754189599427917,0.6867035314421097,0.5961783439490446
R1116,seq_ab902745838f97e5,157,J_3T2D,Simple,2.0,0.0,0.39355799999999996,0.39576,27.394514744318837,0.510089131276189,0.49624573378839587,879.0,3.961648021562732,6.662999060378832,0.025477707006369428,1.234253063981376,12.072218984323698,0.050322580645161284,0.762461044476604,0.7140963394042659,0.5987261146496815
R1116,seq_ab902745838f97e5,157,J_5T,Geometry_historical,2.0,0.0,0.288754,0.290524,41.10815439155749,0.3283875181987425,0.31456200227531284,879.0,6.150873501767216,10.066635848202825,0.049681528662420385,1.630335182405005,11.371666693081528,0.07741935483870968,0.9495523560704946,0.7416911159157236,0.5273885350318471
R1116,seq_ab902745838f97e5,157,J_5T,John_adaptive,2.0,0.0,0.288754,0.285536,40.97179664385162,0.3226832696890586,0.309556313993174,879.0,5.766881507144392,9.687116164514544,0.062420382165605096,1.358518426392436,11.28796195156411,0.06322580645161291,1.1532753573248955,0.8217142896958748,0.535031847133758
R1116,seq_ab902745838f97e5,157,J_5T,John_fixed,2.0,0.0,0.288754,0.283318,40.943537680690966,0.3200148190323713,0.3062571103526735,879.0,5.715009706466036,9.624808763115386,0.06496815286624204,1.3015085822867998,11.30344883089492,0.06451612903225806,1.143868046225202,0.8342904372472247,0.5375796178343949
R1116,seq_ab902745838f97e5,157,J_5T,Raw,2.0,0.0,0.288754,0.288754,41.12539240235465,0.32363270459002574,0.31063708759954495,879.0,6.19603231383658,10.102686442660367,0.050955414012738856,1.748929470955241,11.395267034567624,0.07870967741935483,1.229189978284638,0.7336180813690047,0.5299363057324841
R1116,seq_ab902745838f97e5,157,J_5T,Simple,2.0,0.0,0.288754,0.29026399999999997,41.11740133692429,0.3278583068624225,0.31410693970420933,879.0,6.161114618083743,10.073821342281793,0.050955414012738856,1.6290640560993594,11.387253271570888,0.07870967741935483,1.226565252266474,0.7532509120313142,0.535031847133758
R1116,seq_ab902745838f97e5,157,V3_3T2D,Geometry_historical,2.0,0.0,0.428262,0.426916,21.92875637341335,0.5383098746554743,0.5307736063708759,879.0,3.3111191225545227,5.452158682183932,0.11210191082802548,1.164330958054753,12.675324442158846,0.029677419354838707,0.5549943277133071,0.6817553311584474,0.619108280254777
R1116,seq_ab902745838f97e5,157,V3_3T2D,John_adaptive,2.0,0.0,0.428262,0.43232,21.90132656789032,0.5112839521410685,0.5031285551763368,879.0,3.258507513659113,5.3834715477081,0.13630573248407646,1.0428372295369228,12.694275625480445,0.07870967741935483,0.7271614048031789,0.7816979368724185,0.6343949044585987
R1116,seq_ab902745838f97e5,157,V3_3T2D,John_fixed,2.0,0.0,0.428262,0.429054,21.865898460600555,0.527068127514134,0.5177474402730375,879.0,3.213407790277297,5.329451526895186,0.12866242038216563,0.9740330180518638,12.682003950505479,0.08645161290322581,0.8004102705111942,0.7701727044129063,0.6420382165605096
R1116,seq_ab902745838f97e5,157,V3_3T2D,Raw,2.0,0.0,0.428262,0.428262,21.92875933553291,0.5317988849324633,0.5256541524459613,879.0,3.3545699397513977,5.467964983223621,0.21019108280254778,1.4130627838281646,12.691789002363775,0.03096774193548387,0.6575612520155294,0.714141543270036,0.6216560509554141
R1116,seq_ab902745838f97e5,157,V3_3T2D,Simple,2.0,0.0,0.428262,0.43002599999999996,21.919397800937283,0.5447779510286062,0.536518771331058,879.0,3.3650941939752514,5.477846069150451,0.12484076433121019,1.0093041183785918,12.702320772758634,0.09935483870967741,0.8784214007139134,0.7835052154485879,0.6242038216560509
R1116,seq_ab902745838f97e5,157,V3_5T,Geometry_historical,2.0,0.0,0.301954,0.299458,42.055571293681254,0.35355935879365324,0.3476678043230944,879.0,4.726142993083753,8.155653325869615,0.17324840764331212,1.3134431120735783,18.9204437343703,0.04516129032258064,0.6991128812603871,0.7744741458655535,0.4968152866242038
R1116,seq_ab902745838f97e5,157,V3_5T,John_adaptive,2.0,0.0,0.301954,0.309494,42.032358782250604,0.351459486586326,0.3441410693970421,879.0,4.621660056075351,8.039465283997368,0.22929936305732485,1.1653735965623926,18.93991524478367,0.12387096774193548,1.0941564985257637,0.8675406712118114,0.5070063694267516
R1116,seq_ab902745838f97e5,157,V3_5T,John_fixed,2.0,0.0,0.301954,0.30407,42.0139387714953,0.3501935694506864,0.3418088737201365,879.0,4.595436920016675,8.001126192923484,0.2267515923566879,1.0511378712191852,18.93476358014802,0.1329032258064516,1.184004864058703,0.8766501777028571,0.5171974522292994
R1116,seq_ab902745838f97e5,157,V3_5T,Raw,2.0,0.0,0.301954,0.301954,42.08473988209951,0.34205161565508113,0.33697383390216157,879.0,4.78870894739387,8.17093483660039,0.41146496815286626,1.651813447988958,18.95708371595713,0.04645161290322581,0.8879544913952853,0.7803935460648244,0.489171974522293
R1116,seq_ab902745838f97e5,157,V3_5T,Simple,2.0,0.0,0.301954,0.30399600000000004,42.073615313109165,0.35953725716598606,0.35284414106939704,879.0,4.81389926948445,8.194352066127378,0.2356687898089172,1.0888120435607855,18.964250018447142,0.15225806451612903,1.2448883838046547,0.8796788985169652,0.49171974522292994
R1117v2,seq_d00cb7b2e16a5704,30,J_3T2D,Geometry_historical,2.0,0.4,0.305502,0.307982,8.62732455950296,0.4684317891642532,0.46319838056680157,169.6,3.9580603288899945,5.951520719895081,0.013333333333333332,1.027272485593525,4.817812481665433,0.07857142857142857,0.7488471515016413,0.7601154995741661,0.5466666666666666
R1117v2,seq_d00cb7b2e16a5704,30,J_3T2D,John_adaptive,2.0,0.4,0.305502,0.28461400000000003,8.622461838676042,0.4611344060457257,0.4554385964912281,169.6,3.87377792166516,5.911882983810772,0.02,0.890415319410043,4.919600259109876,0.06428571428571428,0.8099719301593226,0.7855940256553452,0.5466666666666666
R1117v2,seq_d00cb7b2e16a5704,30,J_3T2D,John_fixed,2.0,0.4,0.305502,0.27704399999999996,8.615872298568776,0.45869679604647456,0.45298920377867746,169.6,3.8399259152320075,5.89095923122312,0.013333333333333332,0.8522120409942282,4.954979150016875,0.07142857142857142,0.780123925787809,0.7841964904949387,0.5199999999999999
R1117v2,seq_d00cb7b2e16a5704,30,J_3T2D,Raw,2.0,0.4,0.305502,0.305502,8.657982324366987,0.4616189020843091,0.45721322537112014,169.6,4.007448786938264,5.990595049225538,0.013333333333333332,1.1809005277447837,4.840304941939896,0.07857142857142857,0.8415856931068223,0.7937876364337282,0.5466666666666666
R1117v2,seq_d00cb7b2e16a5704,30,J_3T2D,Simple,2.0,0.4,0.305502,0.306898,8.626868811302684,0.46665694750344644,0.4610695006747639,169.6,3.959656406570745,5.953856204330597,0.013333333333333332,1.0294348772432622,4.834702393498487,0.07142857142857142,0.8264126896025697,0.8030772829342185,0.5466666666666666
R1117v2,seq_d00cb7b2e16a5704,30,J_5T,Geometry_historical,2.0,0.2,0.26917399999999997,0.26878,18.635403557430013,0.3361099784208036,0.32757085020242915,162.8,6.557848757592341,11.745578477561446,0.02,1.3485501431511828,7.391931809963468,0.07142857142857142,0.8728571102204958,0.6538959329101806,0.36
R1117v2,seq_d00cb7b2e16a5704,30,J_5T,John_adaptive,2.0,0.2,0.26917399999999997,0.257426,18.56841200289106,0.3288417533443274,0.3204858299595142,162.8,6.1764287476395925,11.414690941145427,0.026666666666666665,1.142473471604728,7.444834039339919,0.05,1.1146654782821803,0.641694216664693,0.3466666666666666
R1117v2,seq_d00cb7b2e16a5704,30,J_5T,John_fixed,2.0,0.2,0.26917399999999997,0.247938,18.562613877255266,0.3248976974804803,0.3161943319838057,162.8,6.1176606492414285,11.372864118956773,0.03333333333333334,1.0858841060608913,7.4805927888636985,0.05,1.0965507394408527,0.6431556101663516,0.3333333333333333
R1117v2,seq_d00cb7b2e16a5704,30,J_5T,Raw,2.0,0.2,0.26917399999999997,0.26917399999999997,18.668111757032296,0.330247564535792,0.32161943319838054,162.8,6.60535152991685,11.788950265588799,0.02,1.4592906522506153,7.406258472658969,0.07142857142857142,1.1914155107863234,0.6389869198043828,0.36
R1117v2,seq_d00cb7b2e16a5704,30,J_5T,Simple,2.0,0.2,0.26917399999999997,0.270368,18.644967171559532,0.3335858719224746,0.32497300944669366,162.8,6.566288503688851,11.755158346273785,0.02,1.3531311933935384,7.408157367732052,0.07142857142857142,1.172261033216685,0.654988107951333,0.36
R1117v2,seq_d00cb7b2e16a5704,30,V3_3T2D,Geometry_historical,2.0,0.4,0.315822,0.31358600000000003,13.116478922006863,0.4541569980058435,0.4500877192982456,169.6,4.323948240128635,7.318144484574901,0.013333333333333332,1.0642845525604718,10.143323634607963,0.05714285714285714,0.5642414330885881,0.8020999663337214,0.5066666666666666
R1117v2,seq_d00cb7b2e16a5704,30,V3_3T2D,John_adaptive,2.0,0.4,0.315822,0.302832,13.065052041412258,0.45569049577326676,0.4514271255060729,169.6,4.268261672194754,7.261346197290959,0.006666666666666666,0.9637125880334766,10.097744706576512,0.05714285714285714,0.7097898816453446,0.8521978034182119,0.5333333333333333
R1117v2,seq_d00cb7b2e16a5704,30,V3_3T2D,John_fixed,2.0,0.4,0.315822,0.288614,13.060878112827595,0.4565161239184631,0.4518960863697705,169.6,4.25908563753098,7.247282846105195,0.013333333333333332,0.9004777257243843,10.06987569332103,0.06428571428571428,0.7589269537000977,0.8657606725644683,0.5333333333333333
R1117v2,seq_d00cb7b2e16a5704,30,V3_3T2D,Raw,2.0,0.4,0.315822,0.315822,13.141254935456766,0.4491079750588985,0.445968286099865,169.6,4.370080921650488,7.357817477142592,0.013333333333333332,1.2186336393815222,10.18036595517086,0.06428571428571428,0.6913849849992018,0.8680771073285994,0.5199999999999999
R1117v2,seq_d00cb7b2e16a5704,30,V3_3T2D,Simple,2.0,0.4,0.315822,0.314562,13.116548861833644,0.45732050186441436,0.45195344129554654,169.6,4.3426571938942775,7.3204727199792305,0.013333333333333332,1.0156567384498836,10.16507946825029,0.06428571428571428,0.7270864601764463,0.8491525071661503,0.5199999999999999
R1117v2,seq_d00cb7b2e16a5704,30,V3_5T,Geometry_historical,2.0,0.2,0.264762,0.25960799999999995,21.493776811015273,0.3116947204169824,0.30388326585695,162.8,4.968132708269509,9.930227390584529,0.013333333333333332,1.0219501728259368,11.822754092870856,0.05,0.4769633125285811,0.5800914234124175,0.22666666666666666
R1117v2,seq_d00cb7b2e16a5704,30,V3_5T,John_adaptive,2.0,0.2,0.264762,0.26421,21.483306938173506,0.31793471987490984,0.30974358974358973,162.8,4.931436120027196,9.89455890802374,0.006666666666666666,0.9035162120574591,11.776631329933782,0.05714285714285714,0.7944993181482204,0.6532482988314616,0.26666666666666666
R1117v2,seq_d00cb7b2e16a5704,30,V3_5T,John_fixed,2.0,0.2,0.264762,0.24860600000000002,21.475810305490523,0.31777042089318275,0.30869095816464237,162.8,4.91883952071682,9.877863832268392,0.013333333333333332,0.842611060120159,11.742894989141169,0.05714285714285714,0.8394235538143798,0.666465337667002,0.26666666666666666
R1117v2,seq_d00cb7b2e16a5704,30,V3_5T,Raw,2.0,0.2,0.264762,0.264762,21.529188925804988,0.308615513040662,0.3014001349527665,162.8,5.006267048801097,9.965783272078198,0.013333333333333332,1.1380260149640136,11.8714792702595,0.05714285714285714,0.8031107526503505,0.6468744707337702,0.24
R1117v2,seq_d00cb7b2e16a5704,30,V3_5T,Simple,2.0,0.2,0.264762,0.258596,21.520266050787274,0.3146945989414188,0.3056005398110661,162.8,4.993222516021612,9.941159702259275,0.013333333333333332,0.9665056469179193,11.867361839645776,0.06428571428571428,0.8337408219461222,0.6120456097851628,0.24
R1126,seq_c8464c14b2e8bee2,363,J_3T2D,Geometry_historical,2.0,0.0,0.23409399999999997,0.225764,46.09728840988503,0.3998656061627785,0.38525913338997453,2354.0,4.917902689120465,8.208043884484358,0.043526170798898076,1.2126987457928238,13.818802852854091,0.05706371191135734,0.7655376107946045,0.6957757166365555,0.6611570247933884
R1126,seq_c8464c14b2e8bee2,363,J_3T2D,John_adaptive,2.0,0.0,0.23409399999999997,0.221536,46.085565885502504,0.374557523074108,0.3607264231096007,2354.0,4.7281004726456,8.03031828093749,0.05730027548209367,0.9601590434873627,13.91575974246877,0.05152354570637119,0.9809635324519201,0.8464629750630491,0.6765840220385675
R1126,seq_c8464c14b2e8bee2,363,J_3T2D,John_fixed,2.0,0.0,0.23409399999999997,0.22225799999999998,46.08418858214311,0.39481140224892997,0.38037383177570094,2354.0,4.699638958360237,7.992477766197221,0.05619834710743802,1.0617488440893104,13.899462773099714,0.04764542936288089,0.9442513724830434,0.7994937379388556,0.687603305785124
R1126,seq_c8464c14b2e8bee2,363,J_3T2D,Raw,2.0,0.0,0.23409399999999997,0.23409399999999997,46.11231348488151,0.39563212297148603,0.38124468988954974,2354.0,4.959858605976334,8.229590640327697,0.043526170798898076,1.3875739988602427,13.84241556276358,0.06204986149584487,0.9582189169697916,0.7416911482365025,0.6622589531680441
R1126,seq_c8464c14b2e8bee2,363,J_3T2D,Simple,2.0,0.0,0.23409399999999997,0.22483,46.11537359814888,0.39844291082842964,0.38387850467289725,2354.0,4.9280855960253085,8.211346580226923,0.0440771349862259,1.199132037394976,13.849425877800911,0.05983379501385042,0.9770344890511685,0.7645804385570513,0.6611570247933884
R1126,seq_c8464c14b2e8bee2,363,J_5T,Geometry_historical,2.0,0.0,0.16589199999999998,0.157966,59.62438500904144,0.25231530533470414,0.24122769753610873,2354.0,6.881499679055345,11.523754039936383,0.06060606060606061,1.5786459771892267,21.178325697080687,0.08919667590027701,1.0383517937314337,0.8408104370009752,0.5730027548209367
R1126,seq_c8464c14b2e8bee2,363,J_5T,John_adaptive,2.0,0.0,0.16589199999999998,0.157926,59.567372396090626,0.25039751044615066,0.23959218351741715,2354.0,6.466227457448612,11.113477598198259,0.07713498622589532,1.2821484709460151,21.291797817297326,0.07534626038781164,1.2623366361598787,0.9306424964783722,0.590633608815427
R1126,seq_c8464c14b2e8bee2,363,J_5T,John_fixed,2.0,0.0,0.16589199999999998,0.157844,59.567560920021364,0.24998928964261075,0.23931605777400172,2354.0,6.487270231835235,11.132955014794952,0.07823691460055096,1.3016552555034644,21.279770282267883,0.07590027700831024,1.2701699805316626,0.9255743003411748,0.5928374655647384
R1126,seq_c8464c14b2e8bee2,363,J_5T,Raw,2.0,0.0,0.16589199999999998,0.16589199999999998,59.63862414346602,0.2484582030335527,0.23755310110450298,2354.0,6.933537296503249,11.560970632340197,0.06005509641873279,1.7330809131092095,21.19924758859866,0.09362880886426592,1.320668964268501,0.8450026436195698,0.5730027548209365
R1126,seq_c8464c14b2e8bee2,363,J_5T,Simple,2.0,0.0,0.16589199999999998,0.15666200000000002,59.63218156922337,0.25156148856564,0.24048428207306713,2354.0,6.889160868453645,11.527267331324001,0.05950413223140496,1.5776163236130347,21.194984676700408,0.09030470914127424,1.3134911094447923,0.85461728272729,0.571900826446281
R1126,seq_c8464c14b2e8bee2,363,V3_3T2D,Geometry_historical,2.0,0.0,0.22793800000000003,0.240536,45.19441402038592,0.38548765050933737,0.37196261682242987,2354.0,4.109047562174604,7.019580878505198,0.03415977961432507,1.0292931905015121,12.007993826383757,0.04542936288088643,0.6426821374705641,0.7178421680359095,0.6391184573002755
R1126,seq_c8464c14b2e8bee2,363,V3_3T2D,John_adaptive,2.0,0.0,0.22793800000000003,0.228004,45.1628534452333,0.3627773998054799,0.34989379779099405,2354.0,4.081794545062084,7.000207497991194,0.0556473829201102,0.8263364425429577,12.011922499229957,0.06869806094182826,0.8801406757818512,0.8682504663670592,0.6457300275482093
R1126,seq_c8464c14b2e8bee2,363,V3_3T2D,John_fixed,2.0,0.0,0.22793800000000003,0.229072,45.1588091618692,0.3837296309259279,0.37005097706032286,2354.0,4.036656117444042,6.948323213127102,0.05068870523415978,0.9033423512197645,11.998737045497439,0.06759002770083103,0.8425310011768345,0.8269996092829967,0.6589531680440771
R1126,seq_c8464c14b2e8bee2,363,V3_3T2D,Raw,2.0,0.0,0.22793800000000003,0.22793800000000003,45.2099436858732,0.37979731063812094,0.36686491079014444,2354.0,4.150942265985942,7.03951390733391,0.06831955922865014,1.2468504104261153,12.031965171149917,0.05041551246537396,0.7763106241382576,0.782049234511945,0.6369146005509643
R1126,seq_c8464c14b2e8bee2,363,V3_3T2D,Simple,2.0,0.0,0.22793800000000003,0.231278,45.211418988568106,0.3878270470006,0.3738317757009346,2354.0,4.142585598532201,7.038619021156019,0.049586776859504134,0.9189285569083901,12.03125029686684,0.0808864265927978,0.9022811755988632,0.8347356068637805,0.6413223140495867
R1126,seq_c8464c14b2e8bee2,363,V3_5T,Geometry_historical,2.0,0.0,0.168966,0.185012,54.903422193300344,0.2303102154535488,0.22115548003398472,2354.0,5.379933246642359,9.085449875105786,0.16033057851239668,1.335307532691013,16.745933762407162,0.05373961218836565,0.8524530582752012,0.8629232858192895,0.6005509641873278
R1126,seq_c8464c14b2e8bee2,363,V3_5T,John_adaptive,2.0,0.0,0.168966,0.17099199999999998,54.87454173005724,0.23602160889699544,0.22650807136788448,2354.0,5.26531359706951,8.970177655570742,0.1878787878787879,1.0477445652713233,16.752413512508735,0.13739612188365652,1.278757032339973,0.9966945159613708,0.6115702479338843
R1126,seq_c8464c14b2e8bee2,363,V3_5T,John_fixed,2.0,0.0,0.168966,0.17158400000000001,54.87081856982586,0.23539371482594196,0.22589209855564993,2354.0,5.2622634873885845,8.968377465730196,0.19669421487603306,1.0572122180029175,16.748763755879672,0.13850415512465375,1.2814121108166399,1.001891874024381,0.6126721763085399
R1126,seq_c8464c14b2e8bee2,363,V3_5T,Raw,2.0,0.0,0.168966,0.168966,54.91890178077972,0.2225451778377227,0.21395497026338148,2354.0,5.435440954694117,9.119834948516235,0.34269972451790637,1.6301289879233671,16.777504124738602,0.05872576177285318,1.0439139652223193,0.897455512262525,0.593939393939394
R1126,seq_c8464c14b2e8bee2,363,V3_5T,Simple,2.0,0.0,0.168966,0.171126,54.92900170927796,0.2396302604356954,0.2296091758708581,2354.0,5.4466361698985795,9.120851461659253,0.20440771349862258,1.0601581237634445,16.778402371231618,0.15678670360110805,1.4221621558255069,0.9951734158547174,0.6126721763085399
R1128,seq_f3159d2df289b012,238,J_3T2D,Geometry_historical,2.0,0.0,0.484378,0.48474000000000006,34.39464946122381,0.5469926803849197,0.5411458333333333,1248.0,4.472195125049375,7.455840502628914,0.014285714285714285,1.322456456242748,14.676621025783717,0.0711864406779661,0.7443903319286885,0.7134089174938005,0.5983193277310924
R1128,seq_f3159d2df289b012,238,J_3T2D,John_adaptive,2.0,0.0,0.484378,0.48998600000000003,34.36688581633825,0.5378179589229083,0.5306490384615385,1248.0,4.234934715052377,7.251000562286118,0.020168067226890754,1.0962794450837652,14.698374312177311,0.05932203389830508,0.8733413466153854,0.7618658014907929,0.6218487394957983
R1128,seq_f3159d2df289b012,238,J_3T2D,John_fixed,2.0,0.0,0.484378,0.48965999999999993,34.35976455093679,0.540099906084057,0.5330128205128205,1248.0,4.2355112961735255,7.24936881664609,0.018487394957983194,1.1085169856017532,14.694910774634238,0.05932203389830508,0.8724554959816373,0.7610580575284661,0.6201680672268908
R1128,seq_f3159d2df289b012,238,J_3T2D,Raw,2.0,0.0,0.484378,0.484378,34.413966588752416,0.541783531920241,0.5368990384615385,1248.0,4.529243758008394,7.498753043323751,0.015126050420168069,1.4840032556968001,14.698626657787491,0.07796610169491526,0.9173843889271553,0.7293939520254658,0.6
R1128,seq_f3159d2df289b012,238,J_3T2D,Simple,2.0,0.0,0.484378,0.485934,34.40399642700119,0.54650321679131,0.5406650641025641,1248.0,4.481124943010704,7.462291723888316,0.015126050420168069,1.3228385070770439,14.69387905427916,0.07203389830508475,0.9039801763937462,0.7462490517429752,0.6016806722689075
R1128,seq_f3159d2df289b012,238,J_5T,Geometry_historical,2.0,0.0,0.15123999999999999,0.161022,59.317541582615846,0.2903870561319276,0.2812099358974359,1248.0,7.9204228583896565,13.233174166498381,0.025210084033613446,2.0752842067386745,25.653937142813476,0.0847457627118644,0.9949065069848604,0.8302634086790984,0.42521008403361343
R1128,seq_f3159d2df289b012,238,J_5T,John_adaptive,2.0,0.0,0.15123999999999999,0.171372,59.23165171573502,0.28508246890213645,0.27560096153846153,1248.0,7.356134002353838,12.678481637165776,0.03361344537815126,1.660282936529267,25.62935910297122,0.06949152542372881,1.2070420066965246,0.8491661314528092,0.4352941176470589
R1128,seq_f3159d2df289b012,238,J_5T,John_fixed,2.0,0.0,0.15123999999999999,0.170778,59.23208545460352,0.2852797568190858,0.275801282051282,1248.0,7.372467430591487,12.694647773978241,0.033613445378151266,1.6739980869772222,25.628708764896068,0.06949152542372881,1.2118948111478367,0.8484945096590714,0.43361344537815133
R1128,seq_f3159d2df289b012,238,J_5T,Raw,2.0,0.0,0.15123999999999999,0.15123999999999999,59.34902012549975,0.2841296909035107,0.2752003205128205,1248.0,7.99928125629511,13.294154161163167,0.026050420168067228,2.269780972902115,25.689362577227076,0.09152542372881356,1.2830302407282017,0.8049136465113517,0.4235294117647059
R1128,seq_f3159d2df289b012,238,J_5T,Simple,2.0,0.0,0.15123999999999999,0.162408,59.33378722533985,0.2903949277503405,0.2811698717948718,1248.0,7.928425367712772,13.239370826963277,0.026050420168067228,2.0796916972326702,25.674052253974043,0.08644067796610169,1.2668395847204008,0.8228164697333895,0.42857142857142855
R1128,seq_f3159d2df289b012,238,V3_3T2D,Geometry_historical,2.0,0.0,0.476422,0.470152,34.82742511620906,0.5490932654941861,0.5431891025641026,1248.0,3.620784420826805,6.39328044599076,0.044537815126050415,1.0922654152920246,15.068749008885884,0.051694915254237285,0.5710190913199702,0.6252227747558138,0.6
R1128,seq_f3159d2df289b012,238,V3_3T2D,John_adaptive,2.0,0.0,0.476422,0.47076599999999996,34.84831152575454,0.5414683040019792,0.5346554487179487,1248.0,3.5407139171457125,6.311253724049445,0.0722689075630252,0.9428624827600967,15.05641578666607,0.07203389830508475,0.7697559757317748,0.7027963176795795,0.6184873949579832
R1128,seq_f3159d2df289b012,238,V3_3T2D,John_fixed,2.0,0.0,0.476422,0.47059999999999996,34.833683761153,0.544704596770835,0.5379006410256411,1248.0,3.5207241782727854,6.29039663625015,0.07142857142857142,0.9227098926634371,15.0484737823672,0.07288135593220339,0.7659574869831411,0.7018872186002827,0.6134453781512604
R1128,seq_f3159d2df289b012,238,V3_3T2D,Raw,2.0,0.0,0.476422,0.476422,34.839836406106684,0.5422438355741309,0.5374599358974359,1248.0,3.67399788916119,6.4221317047118776,0.13277310924369748,1.3049369720168524,15.087421617612346,0.05847457627118644,0.6921362801228296,0.6642941741617718,0.5983193277310924
R1128,seq_f3159d2df289b012,238,V3_3T2D,Simple,2.0,0.0,0.476422,0.469142,34.830503235876414,0.5531974943926563,0.5469951923076923,1248.0,3.6568487865748702,6.408987167223428,0.06638655462184875,0.9997819216207257,15.094616607738118,0.09067796610169492,0.8064915380236822,0.7019809184976222,0.5983193277310924
R1128,seq_f3159d2df289b012,238,V3_5T,Geometry_historical,2.0,0.0,0.15934600000000002,0.15065800000000001,54.531029049012695,0.2726095773733873,0.263661858974359,1248.0,6.363734093122733,10.892419609007694,0.06974789915966387,1.6933137465954204,19.244989256961542,0.06271186440677966,0.8049182085009624,0.8374832423427646,0.480672268907563
R1128,seq_f3159d2df289b012,238,V3_5T,John_adaptive,2.0,0.0,0.15934600000000002,0.157276,54.44428722587752,0.2754827713513761,0.26666666666666666,1248.0,6.060256232319092,10.570150106798845,0.10504201680672269,1.370115832698049,19.105354336561472,0.10508474576271185,1.1353487241105706,0.922863613686831,0.4840336134453781
R1128,seq_f3159d2df289b012,238,V3_5T,John_fixed,2.0,0.0,0.15934600000000002,0.157122,54.44075902635469,0.27610209804475744,0.2672275641025641,1248.0,6.050526087878238,10.56002058697997,0.10084033613445378,1.3551074989664644,19.104132109692493,0.10508474576271187,1.1398989918995177,0.9251193270011722,0.480672268907563
R1128,seq_f3159d2df289b012,238,V3_5T,Raw,2.0,0.0,0.15934600000000002,0.15934600000000002,54.550782408640444,0.26286511533174906,0.2546474358974359,1248.0,6.441006456971172,10.939819539447992,0.17478991596638654,1.9804030966435355,19.281894444648355,0.07288135593220339,1.0012881483524203,0.8778429332265703,0.47731092436974787
R1128,seq_f3159d2df289b012,238,V3_5T,Simple,2.0,0.0,0.15934600000000002,0.150376,54.55717941863837,0.28157600682532713,0.27231570512820513,1248.0,6.417998619761231,10.921790755271704,0.09663865546218488,1.5171841436241071,19.28650846907531,0.13220338983050847,1.1981674545840346,0.9326077059387063,0.47731092436974787
R1136,seq_e113e5b915f73e77,374,J_3T2D,Geometry_historical,2.0,0.0,0.192854,0.18842,54.58394075407193,0.4111480361101766,0.3908731808731809,2405.0,5.118681888647899,8.958879160751515,0.033155080213903745,1.2323408980005914,11.347988475788771,0.04946236559139785,0.6815042469492493,0.6764587431207812,0.651336898395722
R1136,seq_e113e5b915f73e77,374,J_3T2D,John_adaptive,2.0,0.0,0.192854,0.195702,54.64266861386909,0.376356705450717,0.3580873180873181,2405.0,4.9413066656415285,8.783319268841177,0.0374331550802139,0.9983472410988761,11.491237402174816,0.042473118279569885,0.9037597904761394,0.8020458766000891,0.6481283422459894
R1136,seq_e113e5b915f73e77,374,J_3T2D,John_fixed,2.0,0.0,0.192854,0.19472799999999998,54.61328615988377,0.4012467739345039,0.38145530145530143,2405.0,4.917985193288557,8.756675407474683,0.034759358288770054,1.0885387596547864,11.483460235851062,0.042473118279569885,0.8581608157467377,0.7550746718781423,0.6556149732620321
R1136,seq_e113e5b915f73e77,374,J_3T2D,Raw,2.0,0.0,0.192854,0.192854,54.5854220432049,0.40291395991974976,0.3831185031185031,2405.0,5.157736303576463,8.978404067327642,0.03048128342245989,1.4185059261254909,11.388908776582301,0.05268817204301075,0.8685335279383952,0.7182570737353566,0.6470588235294118
R1136,seq_e113e5b915f73e77,374,J_3T2D,Simple,2.0,0.0,0.192854,0.19918,54.59025307562585,0.4102793529366198,0.39018711018711016,2405.0,5.129872741506262,8.963886759624115,0.03048128342245989,1.2206730796631162,11.383244270352035,0.05053763440860215,0.8838185363295843,0.7433730079691749,0.6459893048128342
R1136,seq_e113e5b915f73e77,374,J_5T,Geometry_historical,2.0,0.0,0.16190600000000002,0.160798,71.69482266550284,0.2649680398904718,0.25182952182952184,2405.0,8.346310555370898,14.079117950464044,0.04171122994652406,1.9337630666887464,27.822470899677977,0.06989247311827958,1.00500077934755,0.7899892077757121,0.49625668449197863
R1136,seq_e113e5b915f73e77,374,J_5T,John_adaptive,2.0,0.0,0.16190600000000002,0.162976,71.68054421648169,0.2577523848406983,0.24478170478170477,2405.0,7.808971884160011,13.51803093212778,0.04866310160427807,1.6213443789255337,28.02815493744665,0.0564516129032258,1.2950488655160197,0.8112390649972518,0.5037433155080213
R1136,seq_e113e5b915f73e77,374,J_5T,John_fixed,2.0,0.0,0.16190600000000002,0.16655199999999998,71.67765147257822,0.257867588186822,0.24490644490644492,2405.0,7.82898176242865,13.53918685267781,0.04919786096256685,1.6333948965718423,28.012698695657036,0.0564516129032258,1.2966440789253848,0.8056825454388994,0.5005347593582888
R1136,seq_e113e5b915f73e77,374,J_5T,Raw,2.0,0.0,0.16190600000000002,0.16190600000000002,71.71687537791121,0.2593039883552136,0.24652806652806653,2405.0,8.405529874084785,14.121984734670502,0.03850267379679144,2.0876708311998313,27.85128061391514,0.07365591397849462,1.3480429825183777,0.7522059594374313,0.4951871657754011
R1136,seq_e113e5b915f73e77,374,J_5T,Simple,2.0,0.0,0.16190600000000002,0.173268,71.70871026923601,0.26447568420952644,0.25137214137214137,2405.0,8.356048171205265,14.085505198953252,0.03850267379679144,1.9369135746029382,27.84263603510387,0.07150537634408602,1.3367878268928879,0.7571590706974446,0.4909090909090909
R1136,seq_e113e5b915f73e77,374,V3_3T2D,Geometry_historical,2.0,0.0,0.205772,0.200748,51.49857644231869,0.39795814197815194,0.3793970893970894,2405.0,4.136163706530727,7.409565749081788,0.045989304812834225,1.056767299179631,9.124149448708225,0.038172043010752686,0.5953571983076789,0.668198239430325,0.6823529411764706
R1136,seq_e113e5b915f73e77,374,V3_3T2D,John_adaptive,2.0,0.0,0.205772,0.20637,51.49726796556125,0.3661268600352122,0.3493762993762994,2405.0,4.1000639493385655,7.3657662195913876,0.07058823529411765,0.8633075316236981,9.152820473969141,0.07311827956989247,0.8396815350936467,0.8353006889709806,0.6620320855614973
R1136,seq_e113e5b915f73e77,374,V3_3T2D,John_fixed,2.0,0.0,0.205772,0.20458199999999999,51.46376242585485,0.39202031058252285,0.37374220374220374,2405.0,4.0677924144511115,7.330950712465271,0.06898395721925134,0.9292506887515831,9.144976983897996,0.07473118279569893,0.791694315123446,0.7914061156998164,0.6695187165775401
R1136,seq_e113e5b915f73e77,374,V3_3T2D,Raw,2.0,0.0,0.205772,0.205772,51.49538496779762,0.3891697278664533,0.37101871101871103,2405.0,4.170990760520886,7.4158628045432735,0.09518716577540107,1.297145537094412,9.162074699641286,0.04139784946236559,0.7338221064416481,0.7414204697728733,0.6855614973262032
R1136,seq_e113e5b915f73e77,374,V3_3T2D,Simple,2.0,0.0,0.205772,0.205374,51.50992087166761,0.4021496208390841,0.38326403326403324,2405.0,4.182403977531161,7.430304888319161,0.06524064171122994,0.9151113346246207,9.164923635062227,0.08924731182795699,0.8729057438975039,0.8062049105789505,0.6823529411764706
R1136,seq_e113e5b915f73e77,374,V3_5T,Geometry_historical,2.0,0.0,0.17276,0.171532,66.4040404060876,0.2357976440950102,0.22434511434511437,2405.0,5.477337839319298,9.540815563243465,0.08716577540106951,1.3408367126062362,27.48140790942292,0.05,0.7404053924232832,0.8091050215773121,0.560427807486631
R1136,seq_e113e5b915f73e77,374,V3_5T,John_adaptive,2.0,0.0,0.17276,0.17495,66.38897308047363,0.23721169097030548,0.2256756756756757,2405.0,5.361116698199217,9.411389421552622,0.12780748663101604,1.081880849364222,27.499580551523326,0.11774193548387098,1.1351916283002113,0.9347323302322689,0.5518716577540107
R1136,seq_e113e5b915f73e77,374,V3_5T,John_fixed,2.0,0.0,0.17276,0.17790999999999998,66.38451815613173,0.23795901845219744,0.22627858627858627,2405.0,5.364480469033217,9.41719398445026,0.12727272727272726,1.0877084179183931,27.496196642648577,0.11774193548387098,1.1290359873826379,0.9404364429325428,0.5561497326203209
R1136,seq_e113e5b915f73e77,374,V3_5T,Raw,2.0,0.0,0.17276,0.17276,66.43828189600185,0.22941856013610873,0.2181912681912682,2405.0,5.54136923588414,9.566692991279826,0.18663101604278073,1.6247378316854981,27.526671132714647,0.0532258064516129,1.0039423723255012,0.8643094997388394,0.5572192513368984
R1136,seq_e113e5b915f73e77,374,V3_5T,Simple,2.0,0.0,0.17276,0.17635,66.4418228821366,0.2455523186890863,0.2336590436590437,2405.0,5.558408979357429,9.582394244260593,0.12192513368983957,1.0752324489800433,27.526228394535416,0.1446236559139785,1.2539808468819527,0.943023999828003,0.5700534759358289
R1138,seq_10df3cf7b8552761,720,J_3T2D,Geometry_historical,2.0,0.4,0.186418,0.185856,62.95619025556848,0.27448754750093185,0.26165233579180824,4554.6,6.783394359379744,11.593824107533944,0.05972222222222222,1.602502245186297,12.549297272788994,0.08662952646239555,0.9820390990316827,0.8288189416226265,0.5666666666666667
R1138,seq_10df3cf7b8552761,720,J_3T2D,John_adaptive,2.0,0.4,0.186418,0.18703799999999998,62.96176362413301,0.2720439959295756,0.25926782213782623,4554.6,6.396386706979672,11.203574270469954,0.07305555555555557,1.2879309739983167,12.586150261963791,0.07743732590529248,1.1792208217058096,0.8895333079478999,0.5694444444444444
R1138,seq_10df3cf7b8552761,720,J_3T2D,John_fixed,2.0,0.4,0.186418,0.18707400000000002,62.959194829516605,0.27198816298192546,0.25930101816720275,4554.6,6.4132133251983445,11.220284583594529,0.07194444444444445,1.3072044084339327,12.580761096562755,0.07743732590529248,1.182222710697269,0.8882831535769379,0.5688888888888889
R1138,seq_10df3cf7b8552761,720,J_3T2D,Raw,2.0,0.4,0.186418,0.186418,62.97218241450514,0.26681083264081373,0.25446162528895805,4554.6,6.850753798890702,11.639750164208277,0.057222222222222216,1.7867968753950962,12.570125945146781,0.09442896935933147,1.237014737517354,0.8285833337767615,0.5627777777777778
R1138,seq_10df3cf7b8552761,720,J_3T2D,Simple,2.0,0.4,0.186418,0.18668400000000002,62.9647568752658,0.2737247175993877,0.26097130335269547,4554.6,6.792463828313305,11.597646518448279,0.05833333333333333,1.6027770325923132,12.565496417161295,0.08941504178272981,1.2253372941062444,0.8391741808556625,0.5633333333333332
R1138,seq_10df3cf7b8552761,720,J_5T,Geometry_historical,2.0,0.4,0.186418,0.185856,62.95619025556848,0.27448754750093185,0.26165233579180824,4554.6,6.783394359379744,11.593824107533944,0.05972222222222222,1.602502245186297,12.549297272788994,0.08662952646239555,0.9820390990316827,0.8288189416226265,0.5666666666666667
R1138,seq_10df3cf7b8552761,720,J_5T,John_adaptive,2.0,0.4,0.186418,0.18703799999999998,62.96176362413301,0.2720439959295756,0.25926782213782623,4554.6,6.396386706979672,11.203574270469954,0.07305555555555557,1.2879309739983167,12.586150261963791,0.07743732590529248,1.1792208217058096,0.8895333079478999,0.5694444444444444
R1138,seq_10df3cf7b8552761,720,J_5T,John_fixed,2.0,0.4,0.186418,0.18707400000000002,62.959194829516605,0.27198816298192546,0.25930101816720275,4554.6,6.4132133251983445,11.220284583594529,0.07194444444444445,1.3072044084339327,12.580761096562755,0.07743732590529248,1.182222710697269,0.8882831535769379,0.5688888888888889
R1138,seq_10df3cf7b8552761,720,J_5T,Raw,2.0,0.4,0.186418,0.186418,62.97218241450514,0.26681083264081373,0.25446162528895805,4554.6,6.850753798890702,11.639750164208277,0.057222222222222216,1.7867968753950962,12.570125945146781,0.09442896935933147,1.237014737517354,0.8285833337767615,0.5627777777777778
R1138,seq_10df3cf7b8552761,720,J_5T,Simple,2.0,0.4,0.186418,0.18668400000000002,62.9647568752658,0.2737247175993877,0.26097130335269547,4554.6,6.792463828313305,11.597646518448279,0.05833333333333333,1.6027770325923132,12.565496417161295,0.08941504178272981,1.2253372941062444,0.8391741808556625,0.5633333333333332
R1138,seq_10df3cf7b8552761,720,V3_3T2D,Geometry_historical,2.0,0.6,0.197824,0.19829000000000002,60.971241305344826,0.2555080006284496,0.24254097518300174,4561.4,5.362661365809913,9.380016567621531,0.14250000000000002,1.3890342474004436,9.89954825083171,0.06323119777158774,0.8160990839670786,0.8654700473270184,0.6244444444444445
R1138,seq_10df3cf7b8552761,720,V3_3T2D,John_adaptive,2.0,0.6,0.197824,0.197968,60.94940767702643,0.2600639427022117,0.2466209508268923,4561.4,5.248710337476981,9.259847316898043,0.17277777777777778,1.098258592346965,9.912768144154665,0.13871866295264623,1.2085925818313088,0.9770071901251758,0.6222222222222222
R1138,seq_10df3cf7b8552761,720,V3_3T2D,John_fixed,2.0,0.6,0.197824,0.195956,60.94575471075261,0.2600416496959689,0.24669540783847954,4561.4,5.2419409635659795,9.253591870860353,0.1711111111111111,1.0867197201112202,9.908669183855853,0.13927576601671307,1.2070370699680617,0.9799883027109205,0.6233333333333333
R1138,seq_10df3cf7b8552761,720,V3_3T2D,Raw,2.0,0.6,0.197824,0.197824,60.993879014643696,0.24576270786929152,0.23387730970886986,4561.4,5.4341654071880585,9.413530151700941,0.29444444444444445,1.6760633138659373,9.94320956113602,0.06963788300835655,0.9935258593981237,0.9092657023506868,0.606111111111111
R1138,seq_10df3cf7b8552761,720,V3_3T2D,Simple,2.0,0.6,0.197824,0.19858,60.9959172509156,0.26534260311288543,0.25161228539487823,4561.4,5.434847136427977,9.419970122640784,0.18194444444444444,1.1227275950595428,9.947980317055512,0.1543175487465181,1.292640544990225,0.9983654075191492,0.6255555555555555
R1138,seq_10df3cf7b8552761,720,V3_5T,Geometry_historical,2.0,0.6,0.197824,0.19829000000000002,60.971241305344826,0.2555080006284496,0.24254097518300174,4561.4,5.362661365809913,9.380016567621531,0.14250000000000002,1.3890342474004436,9.89954825083171,0.06323119777158774,0.8160990839670786,0.8654700473270184,0.6244444444444445
R1138,seq_10df3cf7b8552761,720,V3_5T,John_adaptive,2.0,0.6,0.197824,0.197968,60.94940767702643,0.2600639427022117,0.2466209508268923,4561.4,5.248710337476981,9.259847316898043,0.17277777777777778,1.098258592346965,9.912768144154665,0.13871866295264623,1.2085925818313088,0.9770071901251758,0.6222222222222222
R1138,seq_10df3cf7b8552761,720,V3_5T,John_fixed,2.0,0.6,0.197824,0.195956,60.94575471075261,0.2600416496959689,0.24669540783847954,4561.4,5.2419409635659795,9.253591870860353,0.1711111111111111,1.0867197201112202,9.908669183855853,0.13927576601671307,1.2070370699680617,0.9799883027109205,0.6233333333333333
R1138,seq_10df3cf7b8552761,720,V3_5T,Raw,2.0,0.6,0.197824,0.197824,60.993879014643696,0.24576270786929152,0.23387730970886986,4561.4,5.4341654071880585,9.413530151700941,0.29444444444444445,1.6760633138659373,9.94320956113602,0.06963788300835655,0.9935258593981237,0.9092657023506868,0.606111111111111
R1138,seq_10df3cf7b8552761,720,V3_5T,Simple,2.0,0.6,0.197824,0.19858,60.9959172509156,0.26534260311288543,0.25161228539487823,4561.4,5.434847136427977,9.419970122640784,0.18194444444444444,1.1227275950595428,9.947980317055512,0.1543175487465181,1.292640544990225,0.9983654075191492,0.6255555555555555
R1149,seq_6157861c4fd04fcf,124,J_3T2D,Geometry_historical,2.0,4.4,0.385006,0.37984999999999997,24.158443596114054,0.5298334960158964,0.5207320513772694,585.0,5.205825910700067,8.541347625417487,0.017741935483870968,1.315822935663177,7.9103362091842175,0.039344262295081964,0.6320951268316468,0.6199619956479774,0.564516129032258
R1149,seq_6157861c4fd04fcf,124,J_3T2D,John_adaptive,2.0,4.4,0.385006,0.36844,24.005526296710748,0.5244695983702151,0.514209538094448,585.0,4.970805462479147,8.3151020977892,0.030645161290322583,1.1159343926089196,7.883251290144844,0.03114754098360656,0.8131186920337743,0.6893980736209102,0.5580645161290322
R1149,seq_6157861c4fd04fcf,124,J_3T2D,John_fixed,2.0,4.4,0.385006,0.369916,23.99899931144477,0.5289174987001718,0.5194843541971403,585.0,4.952062220282178,8.296007501322677,0.030645161290322583,1.1397658312351648,7.8848427065958075,0.03114754098360656,0.8005500752530617,0.6674471621189626,0.5548387096774194
R1149,seq_6157861c4fd04fcf,124,J_3T2D,Raw,2.0,4.4,0.385006,0.385006,24.170041602415264,0.5147367062754871,0.5072132833378683,585.0,5.2500652198437425,8.577829048184942,0.017741935483870968,1.4565690325521863,7.929786428329235,0.04262295081967213,0.8287961708597245,0.6233395482400461,0.5548387096774194
R1149,seq_6157861c4fd04fcf,124,J_3T2D,Simple,2.0,4.4,0.385006,0.380006,24.162499862724765,0.5293299863087576,0.5200531529089588,585.0,5.215478339531684,8.548479053763792,0.01935483870967742,1.3097199049968804,7.928822279906098,0.04098360655737705,0.8320068439266717,0.6407734524543803,0.5483870967741936
R1149,seq_6157861c4fd04fcf,124,J_5T,Geometry_historical,2.0,2.4,0.245844,0.235914,35.098162367350014,0.35424663509192683,0.33821497307459303,595.2,7.645516598464762,12.576168133465506,0.029032258064516127,1.7702524242008373,9.651529349451826,0.06885245901639345,0.9655369095008967,0.8004866658385271,0.4935483870967742
R1149,seq_6157861c4fd04fcf,124,J_5T,John_adaptive,2.0,2.4,0.245844,0.218752,34.92511292880971,0.35062936016387153,0.33421914266989877,595.2,7.161982517757079,12.072567388839428,0.0467741935483871,1.4613712002748256,9.695117611928962,0.05409836065573771,1.2220055683451918,0.8142065974809828,0.4870967741935484
R1149,seq_6157861c4fd04fcf,124,J_5T,John_fixed,2.0,2.4,0.245844,0.21831399999999998,34.91507317283918,0.3509140083114229,0.3345727082967631,595.2,7.155674463835498,12.068345487001869,0.04838709677419355,1.4548091453016467,9.691241593948588,0.05245901639344262,1.2162411127302024,0.8098311940738737,0.4903225806451613
R1149,seq_6157861c4fd04fcf,124,J_5T,Raw,2.0,2.4,0.245844,0.245844,35.11803531071166,0.342778953533816,0.3274198645379448,595.2,7.701372255045382,12.622160329791376,0.030645161290322583,1.9265910048221724,9.67780746630001,0.07704918032786885,1.2738802098027688,0.7568796469972858,0.4870967741935484
R1149,seq_6157861c4fd04fcf,124,J_5T,Simple,2.0,2.4,0.245844,0.233758,35.105502162776595,0.35410226221569907,0.33787011312328585,595.2,7.653668933654106,12.583179893991687,0.029032258064516127,1.7707838346545977,9.665031787745544,0.07213114754098361,1.2625733355793567,0.7687461799225911,0.4838709677419355
R1149,seq_6157861c4fd04fcf,124,V3_3T2D,Geometry_historical,2.0,5.0,0.40976,0.40335400000000005,22.027941942703187,0.5089066728654015,0.5030419598544158,591.2,3.636352315708399,6.054284874698995,0.07580645161290323,0.9975425520360096,4.305786153495699,0.02786885245901639,0.5514006841314363,0.5801185095215582,0.6225806451612903
R1149,seq_6157861c4fd04fcf,124,V3_3T2D,John_adaptive,2.0,5.0,0.40976,0.405048,21.980711616043962,0.5070582843587468,0.5001637344619836,591.2,3.596532539725632,6.005108692159341,0.11774193548387098,0.8691035460731668,4.244794599432697,0.09016393442622951,0.8170711819433614,0.7246447732231839,0.6096774193548387
R1149,seq_6157861c4fd04fcf,124,V3_3T2D,John_fixed,2.0,5.0,0.40976,0.405048,21.982620296261146,0.5117049190860268,0.5055863949162005,591.2,3.591977589138751,5.995960176797213,0.11774193548387098,0.8734599308507593,4.241729343573459,0.09672131147540983,0.8439447057370497,0.7068729914561963,0.6129032258064516
R1149,seq_6157861c4fd04fcf,124,V3_3T2D,Raw,2.0,5.0,0.40976,0.40976,22.014973828560834,0.49180907087720416,0.4874362263427715,591.2,3.681799984536782,6.072508673831425,0.17419354838709677,1.269420986365925,4.30125032150482,0.03442622950819672,0.6419636882050057,0.6274504389029925,0.6161290322580645
R1149,seq_6157861c4fd04fcf,124,V3_3T2D,Simple,2.0,5.0,0.40976,0.406658,22.01341945232931,0.515528021156579,0.5100798764446259,591.2,3.6871119333940703,6.078546595192908,0.0967741935483871,0.8492609851782932,4.327480026472915,0.09836065573770492,0.8482479473200948,0.7096602502056388,0.6064516129032258
R1149,seq_6157861c4fd04fcf,124,V3_5T,Geometry_historical,2.0,3.4,0.262022,0.254142,31.55129374773005,0.3356229177935179,0.322996446412238,606.8,4.880784337990424,8.390251083653627,0.09193548387096775,1.113298757682275,3.6568991072711716,0.032786885245901634,0.6513667439131134,0.6631759684271212,0.5419354838709677
R1149,seq_6157861c4fd04fcf,124,V3_5T,John_adaptive,2.0,3.4,0.262022,0.247256,31.480695720859188,0.33868860418255575,0.3261074688457564,606.8,4.810005641011698,8.312116572871869,0.13548387096774192,0.9741380653526857,3.605811287411593,0.10819672131147542,1.0033133748229992,0.78914115418521,0.5419354838709677
R1149,seq_6157861c4fd04fcf,124,V3_5T,John_fixed,2.0,3.4,0.262022,0.24553799999999998,31.481272646228142,0.33963220527232624,0.32703117612144267,606.8,4.810750565410709,8.309285469350725,0.13709677419354838,0.9442959575901622,3.6021560127459225,0.11311475409836065,1.0388881131673218,0.7875081759729975,0.5483870967741935
R1149,seq_6157861c4fd04fcf,124,V3_5T,Raw,2.0,3.4,0.262022,0.262022,31.533493147434505,0.3224549647853728,0.3105185225146857,606.8,4.924880375353891,8.405910102046935,0.2032258064516129,1.4028973589423317,3.6638776055135613,0.04262295081967213,0.8048560808434899,0.6975534214158381,0.5258064516129032
R1149,seq_6157861c4fd04fcf,124,V3_5T,Simple,2.0,3.4,0.262022,0.257598,31.54436655671874,0.34293735044209434,0.3309338296293062,606.8,4.93853023692036,8.416444314197411,0.1129032258064516,0.9306724652854523,3.6833889729615086,0.12295081967213115,1.0508602893637904,0.7861948652809061,0.5419354838709677
R1156,seq_43da3c4c1f178763,135,J_3T2D,Geometry_historical,2.0,31.0,0.309018,0.307098,36.576756497616564,0.4813108155683835,0.46722002485061925,673.4,6.6912753951400274,11.027140043270858,0.03259259259259259,1.6215927243400199,21.659655364531858,0.051127819548872175,0.6578174857344593,0.6130134068373172,0.5659259259259259
R1156,seq_43da3c4c1f178763,135,J_3T2D,John_adaptive,2.0,31.0,0.309018,0.282964,36.436225210995275,0.4624901991760867,0.44773389805787306,673.4,6.334953650271704,10.612847595278057,0.04,1.3682285958072258,21.660884888640403,0.04661654135338346,0.9387351132681208,0.7500461284794934,0.5807407407407407
R1156,seq_43da3c4c1f178763,135,J_3T2D,John_fixed,2.0,31.0,0.309018,0.28830999999999996,36.42996966280943,0.472025588032984,0.45768012365418087,673.4,6.315479917795471,10.592478196940144,0.03851851851851852,1.433608636106561,21.647126833697488,0.04360902255639097,0.9084959176832296,0.708429031259058,0.5837037037037037
R1156,seq_43da3c4c1f178763,135,J_3T2D,Raw,2.0,31.0,0.309018,0.309018,36.587726063898856,0.4671561839799284,0.4541290374377306,673.4,6.735494485466458,11.057749222551333,0.026666666666666665,1.7732165853431656,21.676556250649362,0.05263157894736842,0.9098738669900074,0.6242422687774137,0.562962962962963
R1156,seq_43da3c4c1f178763,135,J_3T2D,Simple,2.0,31.0,0.309018,0.30965,36.58936296325334,0.4806434936545445,0.46679733716777055,673.4,6.703022295468072,11.03698335785116,0.03111111111111111,1.6125566696843538,21.68133979729115,0.051127819548872175,0.9216432585283844,0.6533546437494228,0.5718518518518518
R1156,seq_43da3c4c1f178763,135,J_5T,Geometry_historical,2.0,28.0,0.243302,0.241168,47.668919697268294,0.3426182306558124,0.3285876375626036,678.2,8.145600640354434,13.68612013370112,0.028148148148148144,1.7873023728019362,26.10357026456028,0.06466165413533834,0.860851131713998,0.7291286217814248,0.4444444444444445
R1156,seq_43da3c4c1f178763,135,J_5T,John_adaptive,2.0,28.0,0.243302,0.215656,47.51925696962219,0.3398982056130749,0.32540894286216493,678.2,7.649676785485302,13.124281034234102,0.035555555555555556,1.5182322419263006,26.064905613632654,0.05263157894736842,1.1615257729141486,0.7657355317077762,0.44740740740740736
R1156,seq_43da3c4c1f178763,135,J_5T,John_fixed,2.0,28.0,0.243302,0.21878199999999998,47.51935199803627,0.33991738961837,0.32541627879615875,678.2,7.651186103898544,13.124629994882238,0.035555555555555556,1.5212253152120563,26.065943125214638,0.05263157894736842,1.161677178713453,0.7607438296698908,0.4444444444444445
R1156,seq_43da3c4c1f178763,135,J_5T,Raw,2.0,28.0,0.243302,0.243302,47.6939773556051,0.3330806149793078,0.31974459669773125,678.2,8.195901712433388,13.722299733771994,0.025185185185185182,1.931682243554222,26.130982170149082,0.06766917293233082,1.1921028650270329,0.7034874834540193,0.4414814814814815
R1156,seq_43da3c4c1f178763,135,J_5T,Simple,2.0,28.0,0.243302,0.24352000000000001,47.68509593049218,0.3418343201219018,0.32800123130331044,678.2,8.153938157776578,13.692051741770722,0.028148148148148144,1.787499362490177,26.12356866652765,0.06315789473684211,1.1836578107266589,0.7132921083314907,0.44740740740740736
R1156,seq_43da3c4c1f178763,135,V3_3T2D,Geometry_historical,2.0,20.6,0.313214,0.304286,27.192377709708172,0.46099196940734616,0.4497080040964473,679.0,4.39718090609094,7.26520645443505,0.034074074074074076,1.1464592018433977,7.682895226266678,0.05714285714285714,0.5553726321548563,0.6655394516356286,0.5866666666666667
R1156,seq_43da3c4c1f178763,135,V3_3T2D,John_adaptive,2.0,20.6,0.313214,0.307408,27.124533789624262,0.45079854117203616,0.4388036535362533,679.0,4.340363707300958,7.176569029965451,0.05185185185185185,0.9558249782099981,7.639190139713041,0.07969924812030074,0.8081233328506883,0.8218081208800241,0.6074074074074074
R1156,seq_43da3c4c1f178763,135,V3_3T2D,John_fixed,2.0,20.6,0.313214,0.309898,27.10548398294113,0.46147914097458304,0.44952889389265743,679.0,4.2965219827647925,7.133785015657918,0.048888888888888885,0.99604568970832,7.612096087203815,0.07669172932330827,0.7703475562559171,0.7834837626221931,0.6074074074074074
R1156,seq_43da3c4c1f178763,135,V3_3T2D,Raw,2.0,20.6,0.313214,0.313214,27.188037602002176,0.4433769404034281,0.4328007208124485,679.0,4.458014656737701,7.298016863350179,0.05185185185185185,1.3725342216487084,7.690191606908721,0.06015037593984962,0.6797714726595265,0.7216623785510039,0.5896296296296296
R1156,seq_43da3c4c1f178763,135,V3_3T2D,Simple,2.0,20.6,0.313214,0.314676,27.189470622463546,0.4633511086866349,0.45238162229799705,679.0,4.438401595638906,7.283390537321173,0.03851851851851852,1.0776809662146731,7.706165262617046,0.08421052631578947,0.7446246263646363,0.7758513049700759,0.5896296296296296
R1156,seq_43da3c4c1f178763,135,V3_5T,Geometry_historical,2.0,18.6,0.242862,0.226356,39.517214339427646,0.3034777941993284,0.29187149272170443,676.6,5.781767136877531,9.684761434317837,0.057777777777777775,1.3607330548614358,14.585033147969359,0.061654135338345864,0.688154638679037,0.7668930432007801,0.48
R1156,seq_43da3c4c1f178763,135,V3_5T,John_adaptive,2.0,18.6,0.242862,0.22871199999999997,39.43337832509208,0.30775019404972964,0.2954461638769229,676.6,5.6384875801755365,9.505551121676607,0.09481481481481482,1.1320549116413314,14.528276123537768,0.10827067669172932,1.0158901277126766,0.8662032678389222,0.4918518518518519
R1156,seq_43da3c4c1f178763,135,V3_5T,John_fixed,2.0,18.6,0.242862,0.228864,39.424702838565395,0.30876633925356833,0.29609456179141,676.6,5.617493450464063,9.48453097884251,0.09481481481481482,1.1195175590886774,14.519180301280807,0.10676691729323307,1.0050288150423068,0.8659678238395921,0.48592592592592593
R1156,seq_43da3c4c1f178763,135,V3_5T,Raw,2.0,18.6,0.242862,0.242862,39.522467823593374,0.28881416313782154,0.2774175156439869,676.6,5.855079011602561,9.712384328438795,0.12296296296296297,1.6300826017920667,14.622993965860047,0.06616541353383458,0.8785289637555597,0.8031142793948541,0.47703703703703704
R1156,seq_43da3c4c1f178763,135,V3_5T,Simple,2.0,18.6,0.242862,0.23514399999999996,39.53042663734424,0.3097703411585421,0.2978181468779767,676.6,5.850252810961809,9.702892143198818,0.06814814814814815,1.223431107394569,14.62580281966496,0.11879699248120298,1.023692619241136,0.871654595650719,0.47703703703703704
R1189,seq_1eedfbc5839f67d6,118,J_3T2D,Geometry_historical,2.0,0.0,0.189106,0.18796400000000002,38.209589551704276,0.4194684658561777,0.4105214152700186,537.0,6.413635537997611,10.448264777000187,0.03559322033898305,1.2486975955070017,15.527155626783543,0.06034482758620689,0.7870323785484783,0.6924872132810002,0.5084745762711864
R1189,seq_1eedfbc5839f67d6,118,J_3T2D,John_adaptive,2.0,0.0,0.189106,0.18621000000000001,38.0344183655068,0.4185087805320856,0.4078212290502793,537.0,6.200760130789538,10.205490487642644,0.04067796610169492,1.0211339020483918,15.540034481920614,0.056896551724137934,1.0954022052283565,0.7826625188266128,0.49491525423728816
R1189,seq_1eedfbc5839f67d6,118,J_3T2D,John_fixed,2.0,0.0,0.189106,0.184936,38.04178345319961,0.4173916396691821,0.4080074487895716,537.0,6.17749004464026,10.166594030526854,0.04067796610169492,1.0825806818144983,15.55176327140712,0.05344827586206896,1.0726085043655782,0.7617532375556675,0.5050847457627119
R1189,seq_1eedfbc5839f67d6,118,J_3T2D,Raw,2.0,0.0,0.189106,0.189106,38.21351055686934,0.41383388739320937,0.4044692737430168,537.0,6.451252380610012,10.470044939930593,0.0288135593220339,1.4107805205413395,15.549712738396343,0.06724137931034482,1.0996878757609942,0.7345850206676119,0.5152542372881357
R1189,seq_1eedfbc5839f67d6,118,J_3T2D,Simple,2.0,0.0,0.189106,0.186632,38.21619465135685,0.41998574048362186,0.41070763500931096,537.0,6.421853372674526,10.45379761395732,0.03389830508474576,1.244859169616945,15.542419281240257,0.06379310344827586,1.0998340351999403,0.7549658628612365,0.5152542372881357
R1189,seq_1eedfbc5839f67d6,118,J_5T,Geometry_historical,2.0,0.0,0.174096,0.17393,51.018948987751514,0.3529845719252499,0.3360335195530726,537.0,8.121370483717136,13.450943629640289,0.022033898305084745,1.6862048634112685,28.815637443388347,0.08103448275862069,0.9295695486445302,0.782250105426597,0.38305084745762713
R1189,seq_1eedfbc5839f67d6,118,J_5T,John_adaptive,2.0,0.0,0.174096,0.172452,50.79227358677626,0.35416849040789716,0.3357541899441341,537.0,7.682661640959095,12.934215083193342,0.02711864406779661,1.3966021601232188,28.764817637898204,0.06896551724137931,1.267968630141447,0.8336546453150916,0.4
R1189,seq_1eedfbc5839f67d6,118,J_5T,John_fixed,2.0,0.0,0.174096,0.17241800000000002,50.79332297573213,0.3543400455476727,0.33603351955307265,537.0,7.680246735676347,12.931909394450662,0.0288135593220339,1.3885194674895667,28.767173125407727,0.06896551724137931,1.265298810140969,0.8355066616470366,0.4
R1189,seq_1eedfbc5839f67d6,118,J_5T,Raw,2.0,0.0,0.174096,0.174096,51.04509402391119,0.34716561569315807,0.3304469273743017,537.0,8.178698446215652,13.498245082815448,0.01864406779661017,1.8675135621579788,28.846768581740225,0.08793103448275863,1.3041006972885805,0.8054798891702113,0.3864406779661017
R1189,seq_1eedfbc5839f67d6,118,J_5T,Simple,2.0,0.0,0.174096,0.17227399999999998,51.033726912494906,0.35302494233638304,0.33584729981378025,537.0,8.129840731594886,13.457729374012526,0.02033898305084746,1.690972303915607,28.835069854590824,0.08448275862068966,1.2892564086919471,0.8226505103138038,0.39322033898305087
R1189,seq_1eedfbc5839f67d6,118,V3_3T2D,Geometry_historical,2.0,0.0,0.18474,0.18466,37.57341584473005,0.38669630628317075,0.3756983240223463,537.0,5.541725619414186,9.319220856566464,0.03559322033898305,1.2069977366180722,12.689643235887377,0.03793103448275863,0.488852434551864,0.6187165327192443,0.46440677966101696
R1189,seq_1eedfbc5839f67d6,118,V3_3T2D,John_adaptive,2.0,0.0,0.18474,0.19584000000000001,37.47992917475932,0.38267313783203616,0.3689013035381751,537.0,5.457595364122156,9.246149451516645,0.03728813559322034,1.0082783622047335,12.676594935601152,0.04827586206896552,0.7438254499678744,0.7386264075385357,0.4542372881355933
R1189,seq_1eedfbc5839f67d6,118,V3_3T2D,John_fixed,2.0,0.0,0.18474,0.19474799999999998,37.477802166629566,0.3820866974362737,0.3691806331471136,537.0,5.43135372918045,9.199713112660287,0.03728813559322034,1.0456164800566632,12.686875655782618,0.05172413793103449,0.7418660925475886,0.7218862486102948,0.4711864406779661
R1189,seq_1eedfbc5839f67d6,118,V3_3T2D,Raw,2.0,0.0,0.18474,0.18474,37.58115717271179,0.3805642027464061,0.36964618249534453,537.0,5.5777000690085625,9.331991859373336,0.05084745762711864,1.3792049935879676,12.714892749486442,0.043103448275862065,0.692005906247313,0.6848649146877884,0.447457627118644
R1189,seq_1eedfbc5839f67d6,118,V3_3T2D,Simple,2.0,0.0,0.18474,0.18531599999999998,37.595865401963245,0.38855979942844354,0.37746741154562385,537.0,5.5697379399426765,9.337527318970874,0.04067796610169492,1.1149145777786529,12.7270534849556,0.06724137931034482,0.7421775856167327,0.721297795334712,0.4576271186440678
R1189,seq_1eedfbc5839f67d6,118,V3_5T,Geometry_historical,2.0,0.0,0.18352600000000002,0.18309999999999998,41.808969955722,0.31327536869909756,0.29767225325884544,537.0,6.085508669668841,10.380818874680358,0.04067796610169492,1.2401638460868578,15.802465326544999,0.05517241379310345,0.6128184731013719,0.7220913786797789,0.39322033898305087
R1189,seq_1eedfbc5839f67d6,118,V3_5T,John_adaptive,2.0,0.0,0.18352600000000002,0.19346000000000002,41.78586134432207,0.31252980658701,0.29553072625698323,537.0,5.970957403803411,10.256686916221138,0.06271186440677966,1.054451349984098,15.832428094372307,0.09137931034482757,0.9843846255441644,0.8393556558311216,0.39322033898305087
R1189,seq_1eedfbc5839f67d6,118,V3_5T,John_fixed,2.0,0.0,0.18352600000000002,0.193734,41.76843127307467,0.31320223796918717,0.2959962756052142,537.0,5.96288785376196,10.24411755477984,0.06271186440677966,1.0404488285635054,15.82737526413246,0.09482758620689655,1.0010092502208663,0.8441923232623576,0.4067796610169491
R1189,seq_1eedfbc5839f67d6,118,V3_5T,Raw,2.0,0.0,0.18352600000000002,0.18352600000000002,41.850660350242244,0.304460050307508,0.2898510242085661,537.0,6.131004802353369,10.401231550423468,0.10338983050847457,1.4534031466013249,15.843529080848764,0.05862068965517242,0.931883976157394,0.7830163735389284,0.376271186440678
R1189,seq_1eedfbc5839f67d6,118,V3_5T,Simple,2.0,0.0,0.18352600000000002,0.18486799999999998,41.86520531974848,0.31828401353825087,0.30176908752327747,537.0,6.131431553808233,10.398220744869441,0.06949152542372881,1.0844111749455352,15.872959000898948,0.11379310344827587,1.0487780735109915,0.8304126056420567,0.3898305084745763
R1190,seq_1eedfbc5839f67d6,118,J_3T2D,Geometry_historical,2.0,0.0,0.20171999999999998,0.20659,38.32500126432731,0.44828703782093615,0.4448339483394834,542.0,6.254024341329215,10.205655693441784,0.03559322033898305,1.2486975955070017,15.527155626783543,0.06034482758620689,0.7870323785484783,0.6924872132810002,0.5084745762711864
R1190,seq_1eedfbc5839f67d6,118,J_3T2D,John_adaptive,2.0,0.0,0.20171999999999998,0.198332,38.14451052761135,0.43997678992382383,0.434870848708487,542.0,6.040430808301504,9.956850014527152,0.04067796610169492,1.0211339020483918,15.540034481920614,0.056896551724137934,1.0954022052283565,0.7826625188266128,0.49491525423728816
R1190,seq_1eedfbc5839f67d6,118,J_3T2D,John_fixed,2.0,0.0,0.20171999999999998,0.200948,38.150487682385915,0.44643086550925537,0.44206642066420665,542.0,6.008655662116385,9.913578745324129,0.04067796610169492,1.0825806818144983,15.55176327140712,0.05344827586206896,1.0726085043655782,0.7617532375556675,0.5050847457627119
R1190,seq_1eedfbc5839f67d6,118,J_3T2D,Raw,2.0,0.0,0.20171999999999998,0.20171999999999998,38.32877893711633,0.44071948178939707,0.43708487084870845,542.0,6.292997081081806,10.22872244608188,0.0288135593220339,1.4107805205413395,15.549712738396343,0.06724137931034482,1.0996878757609942,0.7345850206676119,0.5152542372881357
R1190,seq_1eedfbc5839f67d6,118,J_3T2D,Simple,2.0,0.0,0.20171999999999998,0.20673400000000003,38.33137452069339,0.4482548924709942,0.4445571955719557,542.0,6.266048442107963,10.214280054539978,0.03389830508474576,1.244859169616945,15.542419281240257,0.06379310344827586,1.0998340351999403,0.7549658628612365,0.5152542372881357
R1190,seq_1eedfbc5839f67d6,118,J_5T,Geometry_historical,2.0,0.0,0.182856,0.177874,51.02652715286348,0.3615278542079389,0.3506457564575646,542.0,7.958892721260989,13.212270622895327,0.022033898305084745,1.6862048634112685,28.815637443388347,0.08103448275862069,0.9295695486445302,0.782250105426597,0.38305084745762713
R1190,seq_1eedfbc5839f67d6,118,J_5T,John_adaptive,2.0,0.0,0.182856,0.175882,50.7901897633004,0.3592857084064711,0.3475092250922509,542.0,7.506306412693443,12.680821177945278,0.02711864406779661,1.3966021601232188,28.764817637898204,0.06896551724137931,1.267968630141447,0.8336546453150916,0.4
R1190,seq_1eedfbc5839f67d6,118,J_5T,John_fixed,2.0,0.0,0.182856,0.176054,50.791060251513024,0.35973648291444904,0.3478782287822878,542.0,7.502979008102585,12.677869068343945,0.0288135593220339,1.3885194674895667,28.767173125407727,0.06896551724137931,1.265298810140969,0.8355066616470366,0.4
R1190,seq_1eedfbc5839f67d6,118,J_5T,Raw,2.0,0.0,0.182856,0.182856,51.05284718077428,0.35671731517070504,0.34557195571955723,542.0,8.02103686789441,13.262660595498863,0.01864406779661017,1.8675135621579788,28.846768581740225,0.08793103448275863,1.3041006972885805,0.8054798891702113,0.3864406779661017
R1190,seq_1eedfbc5839f67d6,118,J_5T,Simple,2.0,0.0,0.182856,0.18343,51.041241942599015,0.36212053483239925,0.35101476014760147,542.0,7.968333344673826,13.219339864851912,0.02033898305084746,1.690972303915607,28.835069854590824,0.08448275862068966,1.2892564086919471,0.8226505103138038,0.39322033898305087
R1190,seq_1eedfbc5839f67d6,118,V3_3T2D,Geometry_historical,2.0,0.0,0.210472,0.21576800000000002,37.428053889880175,0.42046805948288996,0.4137453874538745,542.0,5.385904732229504,9.159287596821144,0.03559322033898305,1.2069977366180722,12.689643235887377,0.03793103448275863,0.488852434551864,0.6187165327192443,0.46440677966101696
R1190,seq_1eedfbc5839f67d6,118,V3_3T2D,John_adaptive,2.0,0.0,0.210472,0.210048,37.338161130399016,0.40767560123492325,0.3995387453874539,542.0,5.309397596628358,9.0910848432401,0.03728813559322034,1.0082783622047335,12.676594935601152,0.04827586206896552,0.7438254499678744,0.7386264075385357,0.4542372881355933
R1190,seq_1eedfbc5839f67d6,118,V3_3T2D,John_fixed,2.0,0.0,0.210472,0.212606,37.33555391262997,0.41471092466855175,0.407380073800738,542.0,5.274310667638529,9.041236723611286,0.03728813559322034,1.0456164800566632,12.686875655782618,0.05172413793103449,0.7418660925475886,0.7218862486102948,0.4711864406779661
R1190,seq_1eedfbc5839f67d6,118,V3_3T2D,Raw,2.0,0.0,0.210472,0.210472,37.43597345219828,0.4116413565248311,0.4050738007380074,542.0,5.4205708849212595,9.171635178750256,0.05084745762711864,1.3792049935879676,12.714892749486442,0.043103448275862065,0.692005906247313,0.6848649146877884,0.447457627118644
R1190,seq_1eedfbc5839f67d6,118,V3_3T2D,Simple,2.0,0.0,0.210472,0.211126,37.4505595975145,0.42399548074336213,0.41678966789667893,542.0,5.418404613811628,9.179468553475692,0.04067796610169492,1.1149145777786529,12.7270534849556,0.06724137931034482,0.7421775856167327,0.721297795334712,0.4576271186440678
R1190,seq_1eedfbc5839f67d6,118,V3_5T,Geometry_historical,2.0,0.0,0.211062,0.21234199999999998,41.552906521969746,0.3235640936276529,0.31208487084870845,542.0,5.979604833636316,10.270811066758132,0.04067796610169492,1.2401638460868578,15.802465326544999,0.05517241379310345,0.6128184731013719,0.7220913786797789,0.39322033898305087
R1190,seq_1eedfbc5839f67d6,118,V3_5T,John_adaptive,2.0,0.0,0.211062,0.20773999999999998,41.528620737329284,0.32405525971203936,0.31153136531365316,542.0,5.863470739973233,10.142809626559755,0.06271186440677966,1.054451349984098,15.832428094372307,0.09137931034482757,0.9843846255441644,0.8393556558311216,0.39322033898305087
R1190,seq_1eedfbc5839f67d6,118,V3_5T,John_fixed,2.0,0.0,0.211062,0.20788600000000002,41.51261467767132,0.32373350989876415,0.31162361623616236,542.0,5.852541413283241,10.129717196981872,0.06271186440677966,1.0404488285635054,15.82737526413246,0.09482758620689655,1.0010092502208663,0.8441923232623576,0.4067796610169491
R1190,seq_1eedfbc5839f67d6,118,V3_5T,Raw,2.0,0.0,0.211062,0.211062,41.59441297620653,0.31542092911796304,0.3041512915129151,542.0,6.025259403844046,10.289091262672228,0.10338983050847457,1.4534031466013249,15.843529080848764,0.05862068965517242,0.931883976157394,0.7830163735389284,0.376271186440678
R1190,seq_1eedfbc5839f67d6,118,V3_5T,Simple,2.0,0.0,0.211062,0.21010800000000002,41.61095434123912,0.3305833126383974,0.3179889298892989,542.0,6.032093825979295,10.287266093617475,0.06949152542372881,1.0844111749455352,15.872959000898948,0.11379310344827587,1.0487780735109915,0.8304126056420567,0.3898305084745763
